sku,price,stock,listing_created,onbuy_name
0107991183849,13.70,0,2026-07-21 14:41,"Hanging Bird Bath Tray Outdoor Wild Birds Feeder Drink Garde"
0165379473838,62.01,10,2026-07-23 15:10,"ANLAN Facial Massager Pro Microcurrent Face Lifting Skin Rej"
0168685487094,8.26,0,2026-07-21 14:41,"10 X 5cm TWIST PERCHES , CAGE & AVIARY BIRDS"
0171870262178,19.90,0,2026-07-21 14:41,"Baby bird Hand feeding  food kit 2ml & 5ml syringes & crop t"
0175183046999,17.90,0,2026-07-21 14:41,"Baby bird parrot  budgie Hand feeding  food kit 10ml, 5ml sy"
0222394312907,15.34,0,2026-07-21 14:41,"Rabbit Hay Bag Hanging Rabbit Feeding Bag Mushroom Shaped Ha"
0244510762267,9.86,0,2026-07-21 14:41,"200g Natural Beech Chips Digging Substrtae"
0269848583339,65.58,0,2026-07-21 14:41,"Veterinary Formula Clinical Care Shampoo for Dogs and Cats -"
0473467065620,159.31,178,2026-07-23 15:10,"Dental Cold Light Lamp Teeth Whitening Machine Bleaching Acc"
0803965223954,16.90,22,2026-07-23 15:10,"Car Phone Holder Mount, TOPK 2024 Upgrade Auto Locking Unive"
0885854973348,44.51,2,2026-07-23 15:10,"New 2026  Android TV Box T1+ Rockchip RK3518 Android 16 8GB "
0957015430394,52.35,2,2026-07-23 15:10,"Large Foldable Storage Box Portable Waterproof Container Out"
115535905925,193.48,5,2026-08-03 13:21,"SHARP Tokyo Hi-Fi Music System All in One DAB+ FM Bluetooth "
116933659786,126.65,5,2026-09-17 20:09,"TECLAST P50T Tablet Android 16 11 Inch with Gemini AI, 128GB"
117065424921,213.64,5,2026-09-17 20:09,"Airuidas RG DS Foldable Handheld Game Console RK3568 RG DS A"
117594906431,70.65,5,2026-09-17 20:10,"PRITOM 10 inch Tablet, Android 14 tablet,32GB ROM,6000Mah,Ex"
117598238835,71.99,5,2026-09-17 20:10,"PRITOM 10 inch Tablet, Android 14,Expand to 1024GB,Tablet PC"
117671432761,79.99,5,2026-09-17 20:10,"Laptok Kids Tablet 7 Inch, Android 15 Tablet for Kids with 2"
117702273462,79.99,5,2026-09-17 20:10,"Laptok Kids Tablet 7 Inch, Android 15 Tablet for Kids with 2"
117762105949,158.65,5,2026-09-17 20:10,"Tablet,11 Inch Android 16 Tablet with 24GB RAM 128GB ROM,Oct"
117766643072,63.76,5,2026-09-17 20:10,"PRITOM 7 inch Tablets Android 13,32 GB, (Expandable 128GB),3"
117770242544,65.32,5,2026-09-17 20:10,"PRITOM 7 inch Tablets Android 13,32 GB, (Expandable 128GB) 3"
117777667685,65.32,5,2026-09-17 20:10,"PRITOM 7 inch Tablets,32 GB, (Expandable 128GB),Tablet PC wi"
118331605389,63.76,5,2026-09-17 20:10,"VASOUN Kids Tablet 7 inch, Android 13 Tablet for Kids, Toddl"
118341407379,63.76,5,2026-09-17 20:10,"VASOUN Kids Tablet 7 inch, Android 13 Tablet for Kids, Toddl"
120397552453,147.20,0,2026-08-03 13:21,"NEW 32 Inch HD TV DVB-T2/S2 HDMI/USB/RF/AV/EARPHONES"
125334019075,344.99,5,2026-08-03 13:21,"SHARP 40 Inch LED TV Full HD TiVo Frameless Smart TV 40HE224"
128351058485,193.50,2,2026-08-03 13:21,"TeeView TV25QFT-UK 25″ Full HD Smart TV – Tizen, 3 HDMI, 2 U"
131649110628,179.84,5,2026-08-03 13:21,"Sharp 32HD2025K Roku HD Ready 32 Inches LED Smart TV with Fr"
140234875118,224.99,9,2026-08-03 13:21,"Cello C2224F 22" inch FULL HD LED TV DVD COMBI EASY OPERATIO"
144059779316,299.99,5,2026-08-03 13:21,"Cello 32 Inch TV & DVD HD Ready LED, Super Slim Design, C322"
148130451009,33.58,5,2026-08-03 13:21,"3-In-1 Interactive Cat Toys for Indoor Cats, Smart Cat Feath"
152360343904,22.38,5,2026-08-03 13:21,"Hidden Mini Audio Voice Recorder Listening Device 96 Hours 8"
156165099981,20.78,5,2026-08-03 13:21,"Portable Cordless Hair Straightener Mini USB Rechargeable Wi"
156387736503,19.98,5,2026-08-03 13:22,"Mini Handheld Cordless Sewing Machine Hand Held Thread Stitc"
158252340358,46.38,5,2026-08-03 13:22,"Elderly Personal Alarm Patient Monitor Wireless Pager Emerge"
158815588142,25.58,5,2026-08-03 13:22,"Electric Shoulder Back Neck Massager Shiatsu with Heat Knead"
161563068934,19.98,5,2026-08-03 13:22,"Wearable Urine Bag Collector Portable Travel Incontinence Ba"
162698743116,23.98,5,2026-08-03 13:22,"Quiet USB Rechargeable Aquarium Fish Tank Oxygen Air Pump Ae"
163607403633,54.36,5,2026-08-03 13:22,"6000W Portable Bluetooth Speaker Sub Woofer Heavy Bass Sound"
167718915368,19.18,5,2026-08-03 13:22,"Wireless Bluetooth Portable Speaker Stereo Bass Loud Speaker"
169157080591,18.43,5,2026-08-03 13:22,"Mini Bluetooth Stereo Bass Loud Speakers Portable USB"
171987521403,18.54,5,2026-08-03 13:22,"Wireless Bass Loud Bluetooth Speakers USB"
172515213548,18.86,5,2026-08-03 13:22,"Portable Loud Bass Bluetooth Speakers USB"
180833070088,17.58,5,2026-08-03 13:22,"Portable Wireless Bluetooth Speaker Waterproof Stereo Bass L"
193815142123,19.98,5,2026-08-03 13:22,"Wave Bluetooth Wireless Speaker Portable Waterproof RGB LED "
194854450590,11.98,5,2026-08-03 13:22,"Mini Bass Metal Portable Bluetooth Speaker"
207073780949,13.98,5,2026-08-03 13:22,"Mini Wireless Bluetooth Speaker Portable Small Outdoor Speak"
214184253576,19.98,5,2026-08-03 13:22,"PORTABLE BASS WIRELESS SPEAKER"
218411199187,11.98,5,2026-08-03 13:22,"Magnetic Ultra-Portable LED Bluetooth Speaker G200 Wireless "
233507325998,21.74,5,2026-08-03 13:22,"100W Portable Wireless Bluetooth Speaker Stereo Bass Loud AU"
234783934669,40.13,5,2026-08-03 13:22,"VOCH Digital Clock Bluetooth Speaker with RGB Lights Portabl"
242679078175,8.34,5,2026-08-03 13:22,"Under-Pillow Speaker for Sleeping - Portable Wireless Blueto"
25-8H-JM-SZ,649.99,1,2026-09-18 09:22,"TCL V6C 65" 4K Ultra HD Smart Google TV [2025] – Stunning Pi"
252228625958,22.38,5,2026-08-03 13:23,"Koleer Bluetooth Wireless Speaker LED Light Portable Extra B"
252484295490,13.98,5,2026-08-03 13:23,"Portable Bluetooth Speaker Blue – Mini Wireless 360 Sound Ha"
257765634210,27.18,5,2026-08-03 13:23,"High Bass TWS Wireless Bluetooth Speakers Portable Subwoofer"
257820435219,39.98,5,2026-08-03 13:23,"Portable Handbag Speaker Wireless Bluetooth, Indoor Outdoor,"
26-7C-JP-VZ,79.99,1,2026-06-11 10:09,"10.26 Inch 4K Touch Screen Car Bluetooth FM Wireless Apple C"
26-7D-PQ-TV,29.99,1,2026-06-10 11:02,"(1TB, blue) External Hard Drive Portable Shockproof Mobile S"
26-8N-TW-XZ,25.01,5,2026-08-03 06:21,"(Super King) Extra Thick Mattress Topper 10cm/4 Inch Bounce "
26-DG-JK-NX,6.91,1,2026-07-25 07:39,"Bicycle Cover Waterproof and Against UV Rays Universal Cycli"
26-JQ-SW-YZ,51.97,1,2026-06-11 11:20,"Groov-e Original Boombox - Portable CD Player with Bluetooth"
266767315737,28.78,5,2026-08-03 13:23,"Cool Bumblebee Helmet Mini Wireless Bluetooth Speaker Portab"
268177955190,39.98,5,2026-08-03 13:23,"Portable Handbag Speaker Wireless Bluetooth, Indoor Outdoor,"
268217259721,22.06,5,2026-08-03 13:23,"40W Portable Wireless Bluetooth Speaker Waterproof Stereo Ba"
269334517121,71.66,5,2026-08-03 13:23,"Wireless Portable Speaker 60W Bass LED Lights Bluetooth BT5."
27-8B-JQ-RW,27.01,2,2026-07-29 07:32,"(King: 150 x 200 cm) Fitted Mattress Toppers 10cm Thick Micr"
27-8M-RV-WY,49.99,5,2026-09-04 05:18,"Masking Paint Tape Applicator Set, 25mm Width Blue Painter T"
27-BD-QR-WY,24.01,2,2026-07-29 07:31,"(Single) Fitted Mattress Toppers 10cm Thick Microfiber Padde"
275258056967,33.58,5,2026-08-03 13:23,"Portable Wireless Bluetooth Speaker Stereo Bass Loud Stereo "
275962943607,35.18,7,2026-08-03 13:23,"RGB Portable Bluetooth Speaker Sub Woofer Heavy Bass Sound S"
278567697098,24.11,42,2026-08-03 13:23,"Bluetooth Speaker Wireless, Portable Speaker Stereo Sound Bl"
28-CF-GN-PS,149.99,1,2026-08-10 13:47,"KRIDDO Kids Tricycles Age 24 Month to 4 Years  Toddler Kids "
28-FH-QS-WZ,17.99,5,2026-09-16 07:00,"4x Bamboo Waterproof Pillow Protectors Zipped Soft Cooling C"
280378202972,23.98,21,2026-08-03 13:23,"RED5 Retro Wireless Bluetooth Speaker LED Color Changing Por"
281272747415,339.67,5,2026-09-14 17:24,"Gawfolk 24.5 Inch Gaming Monitor 300Hz FHD 1080p VA Computer"
281339243997,457.70,5,2026-09-14 17:24,"Gawfolk Curved Monitor 27 Inch 100Hz, PC Gaming Monitor with"
281392918153,851.15,5,2026-09-14 17:25,"Gawfolk 28 inch 4K PC Monitor with Speakers, UHD 3840 x 2560"
281599766328,424.52,5,2026-09-14 17:25,"Gawfolk 34 Inch Ultrawide Curved Gaming Monitor, 1500R PC Sc"
285970140370,40.22,5,2026-09-16 21:18,"Smart Watch for Women Men Android & iPhone [2 Bands, 44mm ca"
286045228375,40.22,5,2026-09-17 00:23,"Smart Watch for Women Men Android & iPhone [2 Bands, 44mm ca"
286096201365,77.11,5,2026-09-16 21:18,"aeac Smart Watch for Men Women, AMOLED Ultra-Clear Screen Ac"
286439300878,86.21,5,2026-09-16 21:18,"aeac Smart Watch for Men Women, AMOLED Ultra-Clear Screen Ac"
286464735195,100.25,5,2026-09-16 21:18,"Smart Watch for Women, Answer/Make Call, 1.32'' AMOLED Ultra"
288370047034,76.49,5,2026-09-16 21:21,"Magcubic Mini Projector 4K Support, Auto Keystone Smart Port"
288605091061,17.98,1,2026-08-03 13:23,"Portable Bluetooth 5.3 Wireless Speaker RGB Lights Hi-Fi Sou"
288707217178,45.87,5,2026-09-16 21:22,"Yoton Y3 Mini Projector, 317g Ultra-Portable, 360 Rotating, "
288890052983,0.00,0,2026-09-17 06:48,"Magcubic Mini Projector 4K Support, Auto Keystone Smart Port"
289380810496,0.00,0,2026-09-17 06:49,"Yoton Y3 Mini Projector, 317g Ultra-Portable, 360 Rotating, "
290142151313,67.05,5,2026-09-16 21:23,"ANXRE 71"/180cm Phone Tripod with Selfie Light for Phone＆Cam"
290863554387,19.94,5,2026-09-16 21:24,"RISEOFLE Phone Tripod & Selfie Stick, 180cm Aluminum All in "
290976804652,0.00,0,2026-09-17 06:49,"ANXRE 71"/180cm Phone Tripod with Selfie Light for Phone＆Cam"
294375353209,0.00,0,2026-09-17 06:53,"Coleshome L Shaped Computer Desk with 6 Drawers & Power Outl"
294414556530,0.00,0,2026-09-17 06:53,"Coleshome L Shaped Computer Desk with 6 Drawers & Power Outl"
294420066481,0.00,0,2026-09-17 06:53,"Coleshome L Shaped Computer Desk with 6 Drawers & Power Outl"
295975333837,114.96,5,2026-09-17 02:18,"Bestier 106.5CM L-Shaped Desk with 3 Power Outlets, 2 USB Po"
296432949820,143.70,5,2026-09-17 02:18,"Coleshome L Shaped Computer Desk with 6 Drawers & Power Outl"
296434396936,122.14,5,2026-09-17 02:18,"Coleshome L Shaped Computer Desk with 6 Drawers & Power Outl"
296454735005,136.51,5,2026-09-17 02:18,"Coleshome L Shaped Computer Desk with 6 Drawers & Power Outl"
296998904776,35.18,6,2026-08-03 13:23,"Portable Bluetooth Speaker RGB LED Bass Boost Wireless Stere"
298604074156,9.98,5,2026-08-03 13:23,"Mini Wireless Speaker RGB LED Light Portable Bluetooth Speak"
298712968156,23.98,5,2026-08-03 13:23,"KitSound Boom Cube Metallic Portable Rechargeable Wireless B"
299604127064,114.96,5,2026-09-17 06:48,"Bestier 106.5CM L-Shaped Desk with 3 Power Outlets, 2 USB Po"
2C-FJ-NV-WY,739.99,1,2026-07-21 19:00,"TCL V6C 75" 4K Ultra HD Smart Google TV [2025] – Immersive, "
2J-MP-QR-SZ,19.01,1,2026-07-25 11:54,"X2 Computer Speakers with Subwoofer"
300026213096,63.98,5,2026-08-03 13:23,"ieGeek Outdoor 360 Wireless Solar Security Camera Home Wifi "
301345616308,233.33,5,2026-09-17 20:06,"LG 32LQ63806LC 32inch LED Full HD Smart TV, Model 2024"
301884830036,239.99,5,2026-09-17 20:06,"Cello C3225TZ Frameless 32 Inch HD Ready Smart TV Powered by"
301984912182,266.65,5,2026-09-17 20:06,"Cello C4025TZ Frameless 40" Full HD Smart TV, Tizen OS, Clou"
302098103640,164.85,5,2026-08-03 13:23,"CCTV CAMERA SECURITY SYSTEM KIT 5MP HD 4CH DVR HOME OUTDOOR "
302513170585,289.79,5,2026-09-17 20:07,"LG Electronics TV Monitor 27TQ625S, 27 Inch, Full HD 1080p I"
303988372788,67.18,5,2026-09-17 20:07,"Remington Shine Therapy Wide (45mm) Floating Plate hair Stra"
304087135717,41.76,5,2026-09-17 20:07,"Remington Ceramic Hair Straightener - Slim longer length 110"
306877239063,38.36,5,2026-08-03 13:23,"8MP 4K Wireless IP Camera WIFI Outdoor CCTV PTZ Smart Home S"
308344003627,39.97,8,2026-08-03 13:23,"Wireless Video Doorbell Camera WiFi Smart 1080P HD Night Vis"
311898520892,291.16,5,2026-08-03 13:24,"eufySecurity SoloCam S340 Dual Cameras Solar Security Camera"
315711097851,63.98,65,2026-08-03 13:24,"ZOSI Window Security Camera WiFi 2.4/5GHz 3MP Full Color Nig"
316636214552,47.70,0,2026-08-03 13:24,"12MP 6K Triple Lens Wireless IP Camera WIFI Outdoor CCTV PTZ"
318045317190,329.99,19,2026-08-03 13:24,"ZOSI 4MP POE CCTV System 5MP 8CH NVR Audio in Security Camer"
321912392039,51.18,5,2026-08-03 13:24,"Yale Sync Smart Alarm Door Window Contact AC-DC Wireless Sen"
322051748145,31.98,5,2026-08-03 13:24,"blurams Security Camera 5G Wifi Smart Indoor Pet Dog Cat Cam"
324071087204,36.72,5,2026-08-03 21:35,"Blink Outdoor Wireless Security Camera - Weather Resistant -"
328787000000,17.98,44,2026-08-03 10:34,"Powerful Car Vacuum Cleaner Wet/Dry Cordless Strong Suction "
351441554363,103.21,5,2026-09-11 06:33,"KOORUI 24 Inch Gaming Monitor, 170Hz, Full-HD 1080P, VA"
351577893503,32.91,5,2026-09-11 06:33,"HPYLIF·H RGB Desktop Computer Soundbar 3.5mm USB"
352203638307,83.87,5,2026-09-11 19:43,"npc 24 inch FHD 120HZ IPS Office Monitor Ultra Thin Frameles"
384973142623,22.38,5,2026-07-31 21:22,"6000 Miles HD TV 1080P Outdoor 4K Digital TV Antenna 360 Sig"
385074000000,13.48,5,2026-08-03 10:34,"2X 50cm Heavy Duty Rubber Kerb Ramps for HGV Caravans Lorry "
389831061399,19.17,5,2026-08-01 20:29,"Indoor TV Aerial,Freeview 560+ Miles Range Digital TV ariels"
393435305988,100.78,5,2026-07-31 21:25,"SUPERLEX Espresso Coffee Machine Cappuccino Machines w/ Milk"
394888774475,54.38,5,2026-07-31 22:48,"SUPERLEX Filter Coffee Maker Machine 1.5L – Coffee Maker wit"
408158825719,79.98,5,2026-07-31 22:48,"SUPERLEX 2.5L Steam Station Steam Generator Iron Ceramic Coa"
414549603576,33.58,5,2026-07-31 22:48,"SUPERLEX 2 Tiers Egg Boiler Food Steamer Egg Cooker Egg Poac"
416469252896,40.46,5,2026-07-31 22:48,"SUPERLEX Juicer Citrus Electric Squeezer Machine Juice Press"
418917749040,38.38,5,2026-07-31 22:48,"SUPERLEX 7.5L Food Vegetable Meat Steamer 3-Tier Electric Co"
420482907107,41.58,5,2026-07-31 22:48,"SUPERLEX 1L Small Deep Fat Fryer Electric Non-stick Chip Pan"
421438594785,45.26,5,2026-07-31 22:48,"SUPERLEX Electric Cheese Grater Veg Fruit Potato Shredder Ea"
422845230709,97.58,5,2026-07-31 22:48,"SUPERLEX 1300W Electric Stand Mixer SS 5L Mixing Bowl Dough "
423920625397,30.38,5,2026-07-31 22:49,"SUPERLEX 750W Electric Omelette Maker Non-Stick Deep Fill Eg"
426723401441,94.54,5,2026-07-31 22:49,"SUPERLEX 10L Commercial Catering Kitchen Hot Water Boiler Te"
428327259640,158.40,5,2026-08-01 20:29,"NEW 32 Inch Android Smart TV WIFI Google Assistant HDMI HD"
429548944339,216.00,5,2026-08-01 20:29,"NEW 40 Inch Android Smart TV WIFI Google Assistant HDMI Full"
434096992794,238.50,0,2026-08-01 20:29,"NEW 43 Inch Android Smart TV WIFI Google Assistant HDMI Full"
434951088945,295.37,1,2026-07-31 22:49,"eStar 22" TV + Wall Bracket 12V / 240V Full HD TV for MOTORH"
438917637024,343.83,5,2026-07-31 22:49,"Unispectra 19" Smart TV (LG webOS) Magic Remote 12V 240V Mot"
443046544242,424.23,5,2026-07-31 22:49,"22" Smart TV (webOS from LG) Full HD 12V 240V Magic Remote f"
446071687533,71.81,5,2026-07-31 22:49,"HELIO - MAGNET Digital Omnidirectional TV FM DAB Aerial for "
446564486742,424.23,5,2026-07-31 22:49,"Unispectra 22" SMART Full HD TV 12V webOS + Magic Remote MOT"
447091696574,174.91,5,2026-09-05 23:49,"Bluetooth DAB+ CD Player HiFi Denver MDA-320 Wall Mountable "
448221822788,325.68,5,2026-07-31 22:49,"Unispectra 16" Smart TV (webOS) + bracket 12/24V Motorhome C"
457554812496,358.98,5,2026-07-31 22:49,"19" Smart TV (webOS from LG) HD 12V 24V 240V Freeview & SAT "
458779866677,163.50,5,2026-08-01 20:29,"EKO Smart LED TV K24HSW 24 inch HD Ready Compact Black"
463291262913,268.50,5,2026-07-31 22:49,"Sharp Smart LED TV 32HE2245K 32 Inch HD Ready HDR Black with"
464519503054,163.50,5,2026-07-31 22:49,"Manhattan Aero Smart TV Box 4K HDR Streaming with TiVo and F"
468402118226,208.50,4,2026-07-31 22:49,"TCL 40SF560-UK 40” QLED Full HD Smart Fire TV"
468667925492,202.43,5,2026-09-12 19:25,"TeQsli 4ft6 Double Mattress 10.6 Inch Memory Foam Pocket Spr"
469188283696,100.58,5,2026-09-12 23:06,"Twirest Single Mattress,Single Memory Foam Mattress in a box"
472140810618,143.82,0,2026-07-31 22:49,"VITADO H24AR5GV Roku Freely LED HDR HDMI 24" HD Ready Smart "
474114853669,179.84,5,2026-07-31 22:49,"Sharp 32HD2025K Roku HD Ready 32 Inches LED Smart TV with Fr"
478773988816,158.40,5,2026-08-01 20:29,"NEW 32 Inch Android Smart TV WIFI Google Assistant HDMI HD"
481491217434,224.99,2,2026-07-31 22:49,"Cello C1926TZH 19 inch Smart TV Tizen OS by Samsung WiFi Fre"
487798859209,224.99,9,2026-07-31 22:49,"Cello C2224F 22" inch FULL HD LED TV DVD COMBI EASY OPERATIO"
489065092418,151.92,4,2026-08-01 17:25,"Portable TV Freeview HDMI 10 inch Mains, 12v & Built in Batt"
490008406278,135.92,5,2026-07-31 22:49,"DAB+ Boombox CD Player & Cassette USB Remote Control Dual Al"
5055862342374,573.32,5,2026-08-04 15:42,"Toshiba UF3F53DB 65" 4K Ultra HD Smart Fire TV - 65UF3F53DB"
56-79-MN-QZ,600.00,1,2026-08-27 08:07,"Rocwood Brushcutter Strimmer Trimmer Shin Guards Black Adjus"
56-CG-MP-SZ,399.99,1,2026-09-17 07:24,"Toshiba UF3F53DB 50" 4K Ultra HD Smart Fire TV - 50UF3F53DB"
56-CP-SW-XY,25.01,1,2026-07-25 10:19,"Best External Hard Drive 2tb Portable Waterproof And Shockpr"
5D-GJ-QS-VX,235.99,1,2026-08-06 08:42,"LG 43LQ60006LA 43" Full HD Smart Smart LED TV"
5D-GK-NS-YZ,149.99,1,2026-08-03 09:51,"Toshiba Black Mirror Front Microwave 20 Liter 700W Manual Co"
607273549559,111.92,5,2026-07-31 22:50,"CD Player FM Radio Hi-Fi Remote Control Music Micro System D"
609349988866,254.99,5,2026-07-31 22:50,"DAB+ Radio CD Player with Bluetooth Clock Alarm & Remote Den"
609401725163,111.92,5,2026-07-31 22:50,"CD Player FM Radio Hi-Fi Remote Control Music Micro System D"
615538818579,175.43,5,2026-07-31 22:50,"DAB+ FM CD Micro System Denver MDA-285 Bluetooth USB Alarm C"
617221514416,70.40,5,2026-07-31 22:50,"Breville VKT154 High Gloss Grey Kettle 3000 Watt"
622661787665,62.40,5,2026-07-31 22:50,"Breville VKT117 Curve White Kettle Limescale Filter 3000 Wat"
623976278954,238.50,5,2026-07-31 22:50,"Bissell 2052E SpinWave Hard Floor Cleaner"
642136015567,328.50,0,2026-07-31 22:50,"Dreame CMS HHR25A H12 Pro Wet & Dry Cleaner Black"
646994230674,292.60,0,2026-07-31 22:51,"Lenovo TDS 11 Inches 128GB Tablet Luna Grey"
662235151980,62.40,5,2026-07-31 22:51,"Acer Westcoast ZL.ADTCC.00M Charger Free Standing Black"
662419262662,330.00,5,2026-07-31 22:51,"TCL Westcoast 11.5 Inches 256GB Tablet Grey"
669342643490,268.50,7,2026-07-31 22:51,"Technics Noise Cancelling Wireless Bluetooth Over-Ear Headph"
669574901979,399.00,5,2026-07-31 22:51,"TCL 43V6D-UK 43 Inch LED 4K Ultra HD Smart TV Bluetooth WiFi"
67-9C-PQ-XY,22.01,5,2026-08-03 06:19,"(Small Double) Extra Thick Mattress Topper 10cm/4 Inch Bounc"
671076171408,208.50,5,2026-08-01 14:38,"Acer UM.HX0EE.335 27 Inches"
68-BD-GK-WY,16.01,1,2026-07-22 14:00,"Chronus Computer Speakers,2.0 USB Powered Gaming Speakers wi"
682428733908,600.00,0,2026-07-31 22:51,"TCL Westcoast 14 Inches 256GB Tablet Grey"
683908828961,579.00,5,2026-07-31 22:51,"TCL 55V6D-UK 55 Inch LED 4K Ultra HD Smart TV Bluetooth WiFi"
69-BJ-QS-XY,389.99,1,2026-09-18 09:23,"TCL PF650K 55" 4K HDR PRO Smart Fire TV with Freely - 55PF65"
691477637082,984.00,4,2026-07-31 22:51,"LG 75NU800B6LA 75 Inch LED 4K Ultra HD Smart TV Bluetooth Wi"
697519394951,504.00,5,2026-07-31 22:51,"TCL 50V6D-UK 50 Inch LED 4K Ultra HD Smart TV Bluetooth WiFi"
698604772470,8.00,5,2026-07-30 17:13,"Car Phone Holder Universal Magnetic Air Vent Mount Bracket C"
698909433267,9.98,5,2026-07-30 17:13,"Car Vent Phone Holder - 360 Rotatable Mobile Bracket Mount f"
699550973119,8.36,3,2026-07-30 17:13,"360 Clamp Dashboard Mobile In-Car Phone Holder Mount Stand C"
6F-JN-PV-WY,280.01,1,2026-08-06 07:15,"Toshiba 40" LV2553DB Full HD Smart VIDAA TV"
6G-JQ-RV-XY,54.85,2,2026-07-22 13:57,"Smart Watch (Answer/Make Calls), 1.85" Fitness Tracker, Smar"
701745096463,759.00,5,2026-07-31 22:51,"TCL 65V6D-UK 65 Inch LED 4K Ultra HD Smart TV Bluetooth WiFi"
702152869664,984.00,5,2026-07-31 22:51,"TCL 75V6D-UK 75 Inch LED 4K Ultra HD Smart TV Bluetooth WiFi"
703123011372,5.06,19,2026-07-30 17:13,"Active Living Ring Pull Can Opener Aid Elderly Arthritis Kit"
703597084063,118.40,5,2026-07-31 22:51,"Acer Full HD 23.8 Inches Monitor Black"
708130585342,594.00,5,2026-08-01 14:39,"Veltech VR65UX630 65 Inch LED 4K Ultra HD Smart TV WiFi"
708851387102,8.90,5,2026-07-30 17:13,"Adjustable Can Jar Opener Bottle Lid Gripper Kitchen Gadget "
710289245572,5.70,7,2026-07-30 17:13,"Stainless Steel Egg Topper Boiled Egg Shell Opener Kitchen G"
712349796833,9.18,5,2026-07-30 17:13,"In Car Phone Holder 360 Rotatable iPhone Mobile Phone Suctio"
714950615664,9.18,437,2026-07-30 17:14,"360  Rotatable In Car Suction Phone Holder Dashboard Windscr"
715666733697,9.18,5,2026-07-30 17:13,"Universal Car Phone Holder 360 Windscreen Suction Mount GPS "
716966776209,193.50,5,2026-07-31 22:51,"Yale Video Smart Doorbell Black"
717759482451,9.18,5,2026-07-30 17:14,"Universal Car Phone Holder 360 Windscreen Suction Mount GPS "
720287168520,24.78,5,2026-08-29 15:11,"1000W Omelette Maker Electric Non-Stick Deep Fill Dual Egg C"
722135457107,9.58,5,2026-07-30 17:14,"Adjustable Stainless Steel Can Jar Opener Bottle Lid Gripper"
722880475685,178.50,5,2026-07-31 22:51,"Yale SV-OC-1A-W Black Outdoor Smart Home Security Camera"
722902592895,639.00,0,2026-07-31 23:52,"Toshiba Westcoast 65UF2653DB 65 Inch LED 4K Ultra HD Smart T"
723533620124,158.40,5,2026-07-31 22:51,"Acer Full HD 27 Inches Monitor Black"
723972319313,6.76,7,2026-07-30 17:14,"Office Home Pen Pot Ruler Pencil Holder Mesh Storage Desk St"
724327116960,6.84,347,2026-07-30 17:14,"Car Phone Holder with 360 Degree Rotation and Anti Slip Navi"
724489348346,7.00,0,2026-07-30 17:14,"Chef Aid Ring Pull Can Opener Aid Elderly Arthritis Kitchen "
724651574757,7.08,5,2026-07-30 17:14,"Egg Yolk White Separator Divider Stainless Steel Cooking Bak"
725636329683,7.30,5,2026-07-30 17:14,"4 IN 1 JAR AND BOTTLE OPENER - KITCHEN GADGET FOR OPENING LI"
725784116227,23.98,5,2026-08-29 14:33,"***0+ Retro Video Game Console 4K HD TV Game Stick Ink.2 Wi"
726659969528,7.38,5,2026-07-30 17:14,"Bicycle Light Rear Light Back Light Waterproof USB Rechargea"
728434181316,7.38,5,2026-07-30 17:14,"Bright LED Bicycle Cycle Bike Beam Rear Light Back Tail Lamp"
730437244738,321.00,10,2026-07-31 22:51,"LG 32LQ631C 32" Inch Full HD Commercial Smart TV - Commercia"
734278129391,7.56,5,2026-07-30 17:14,"Car Dashboard Mat Mount Holder Anti-Slip Rubber Pad Stand Fo"
736032249789,1349.99,5,2026-07-31 22:52,"SHARP Air Purifier with Humidification IoT functionality 3 L"
737216534400,13.98,1121,2026-08-31 17:40,"3-Head 74 LED Solar Security Light PIR Motion Sensor Outdoor"
737809083704,143.98,5,2026-07-31 22:52,"SHARP 4L Air Fryer Digital Controls 4 Litres Healthy Cooker "
739651438732,448.50,9,2026-07-31 22:52,"SHARP SumoBox Portable Speaker High Performance 120W SAM by "
743253246497,63.98,9,2026-07-31 22:52,"SHARP Solar Remote for SHARP Google Android Tivo TV Battery "
744042939118,135.98,5,2026-07-31 22:52,"SHARP Compact Microwave Oven with Dial Controls 700W 20L Tur"
744351700539,373.50,5,2026-07-31 22:52,"SHARP Portable Party Speaker Wireless Bluetooth with Disco L"
748572532825,94.40,5,2026-07-31 22:52,"SHARP Tokyo Digital Radio DAB+/DAB and FM Radio with Bluetoo"
755533862075,143.98,5,2026-07-31 22:52,"SHARP Compact Microwave Oven with 1000W Grill 700W 20L Turnt"
759708473288,143.96,5,2026-07-31 22:52,"SHARP Compact Microwave Oven with 1000W Grill 20L 800W Dial "
761385415796,110.40,5,2026-07-31 22:52,"Battery Pack and Charger for SHARP SumoBox High Performance "
78-9F-GJ-MP,18.06,2,2026-07-16 10:56,"2X Surround Sound System LED Speakers Gaming Bass USB Wired "
79251***000,19.50,5,2026-08-03 10:34,"Extra Large Hooded Cat Litter Trays Fully Enclosed Anti-Spla"
7F-GH-JN-TV,26.01,2,2026-07-29 12:33,"(King) Extra Thick Mattress Topper 10cm/4 Inch Bounce Back P"
849004000000,92.29,5,2026-08-03 10:34,"Cocoon Egg Hanging Swing Chair Stand Hammock Frame Garden Fu"
852277000000,12.58,6,2026-08-03 11:20,"Thick Twill Cotton Adjustable Bib Apron with Long Ties for W"
863207000000,16.36,14,2026-08-03 10:34,"LED Car Sun Visor Cosmetic Vanity Mirror With 3 Light Modes "
882208400437,73.58,5,2026-08-03 13:19,"X12 Plus 7" Video Game Console 16GB Retro Handheld Portable "
883256665878,19.18,5,2026-08-08 13:10,"Roxel RX110 Powerful Bass Lightweight Wired Foldable Headpho"
890151787970,36.78,10,2026-08-03 13:20,"Retro Game Console Plug&Play ***0+ 4K Video Game Stick +2x "
896172788354,59.18,5,2026-08-03 13:20,"X2 PRO 4K Retro Game Stick Console Plug Play 40000+ Games 2 "
897134211941,73.58,5,2026-08-03 13:20,"X12 Plus Game Consoles 7" 16GB Retro Handheld Portable 2700 "
897212655520,51.71,0,2026-08-03 13:20,"X9 Handheld Game Console 8GB 3000+ Retro Games Portable UK S"
904798998849,59.18,5,2026-08-03 13:20,"X2 Pro 4K Wireless HDMI TV Game Stick Console 40000+ Games +"
905783736019,259.99,1,2026-08-03 13:20,"My Arcade Gamestation Go Atari Portable Retro Gaming Console"
906327086881,33.58,5,2026-08-03 13:20,"***0+ Retro Video Game Console 4K HD TV Game Stick Ink.2 Wi"
922051000000,25.19,4,2026-08-03 10:35,"3 Layers Electric Food Steamer 800W Healthy Food Tray 22L Mu"
926235633526,52.78,20,2026-08-03 21:35,"IMO Q2 PRO ANDROID 4G TOUCHSCREEN SMARTPHONE 16GB Unlocked S"
931915635547,47.98,5,2026-08-03 21:35,"New Nokia 105 Dual Sim - Brand New Full Box Unlocked Sim Fre"
932760710878,79.96,5,2026-08-04 01:29,"Tablet 10.1 inch 20GB ROM 64GB RAM WIFI Android 15 Unlock Bl"
932769722605,75.18,5,2026-08-03 18:52,"2025 New 10.1 inch Android 15 Tablet 20GB RAM 64GB ROM Bluet"
932797291715,87.98,5,2026-08-03 18:52,"NEW Amazon Fire HD 8 Tablet - Full HD 8" Display in Black 32"
932797790409,158.38,5,2026-08-03 18:52,"2026 Newest 11 inch Tablet Android 16 Tablet 32GB RAM+256GB "
932945002620,79.98,5,2026-08-03 18:53,"Tablet 10.1 inch 16GB ROM (1TB TF) 32GB ROM WIFI Android15 B"
932983345550,140.78,2,2026-08-03 18:53,"Blackview LINK 2 5G Wifi Tablet 8.68 inch 12GB(4+8) RAM 128G"
933156378320,153.58,8,2026-08-03 18:53,"10 inch Tablet, Android 15 Tablet 20GB+128GB+1TB TF, 8-Core "
933171719481,88.00,5,2026-08-03 18:53,"NEW DOOGEE U9 2025 Newest Android 10.1 Tablet 7GB RAM+64GB N"
933212160623,156.72,4,2026-08-03 18:53,"Android 15 Tablet 128GB ROM (1TB TF) 10inch WiFi 5000mAh Dua"
933297966837,63.92,0,2026-08-03 18:53,"Dragon Touch 10.1 Inch Android Tablet K10 32GB Quad Core, 5G"
933317496320,103.97,10,2026-08-06 00:11,"2025 NEW 12S PRO Wifi Tablet Android 15 PC 8GB+64GB Tablets "
933342699918,143.98,5,2026-08-03 18:53,"2026 Newest 11 inch Tablet Android 16 Tablet 32GB RAM+256GB "
933392318203,283.49,33,2026-08-03 18:53,"15.6 Inch Industrial Large Android Tablet Wifi Bluetooth Wat"
933493715499,313.49,5,2026-08-03 18:53,"Blackview MEGA 2 Tablet with Keyboard 12'' 24GB + 128GB 2K F"
933550760608,121.99,10,2026-08-03 18:53,"Blackview Tab 20 Kids 10.1inch Google Space 12GB RAM 64GB An"
933672850751,165.92,5,2026-08-03 18:53,"TABWEE T50 Android 16 AI Tablet 11 Inch 24GB+128GB 8000mAh 5"
933699701289,208.50,10,2026-08-03 18:53,"TABWEE T20 10.1" Android 16 Tablet 24GB+256GB Widevine L1 Ge"
933702431394,119.98,4,2026-08-03 18:54,"G-Tab PAD10 PRO 128GB 4+6GB WiFi 10.1 inch - BLUE"
933703192843,158.40,5,2026-08-03 18:54,"TABWEE K10 Kids Tablet 10.1" Android 16 12GB+64GB 5000mAh Wi"
933739020691,85.43,5,2026-08-03 18:54,"Android 15 Tablet 10.1 Inch 20GB+64GB (1TB TF) IPS WiFi 5000"
933882642641,158.21,5,2026-08-03 18:54,"2026 Newest 11 inch Tablet Android 16 Tablet 32GB RAM+256GB "
933976386314,105.58,5,2026-08-03 18:54,"Android 14 Tablet with Charging Speaker Dock Otca-Core 24GB+"
934106184985,238.50,5,2026-08-03 18:54,"TABWEE T70 11" 90Hz WiFi Tablet 32GB+256GB Android 16 8000mA"
934181126412,126.36,5,2026-08-03 19:00,"Android 15 Tablet 10 inch, 18GB RAM+128GB ROM/2TB Expandable"
934332528171,126.36,5,2026-08-03 19:02,"2024 Newest Android 14 Tablet, 10 inch 8GB RAM+64GB ROM/ 512"
934335228016,63.98,3,2026-08-03 19:04,"NEW Amazon Fire 7 Tablet in Black 16GB - 9th Generation"
934413773056,159.98,5,2026-08-03 19:05,"Tablet, Android 15 Tablet 10 Inch, 20GB+128GB(1TB TF) 8-Core"
934439951544,284.99,9,2026-08-03 19:05,"128gb 8.7 INCH Tablet Android 16 Bundle CASE - HEADWOLF 4G L"
934451332352,105.58,10,2026-08-06 00:11,"2025 NEW 12S PRO Wifi Tablet Android 15 PC 8GB+64GB Tablets "
934460117117,95.98,10,2026-08-03 19:06,"Tablet 10.1 Inch Quad-Core 32GB Android 12 IPS HD Display 50"
934488824042,95.98,5,2026-08-03 19:09,"Tablet, Android 15 Tablet 10 Inch, 20GB+128GB+1TB TF, 8-Core"
934520200551,137.56,5,2026-08-03 19:10,"Tablet 11 inch Ultra Android 14 Tablets 10GB（4+6） RAM 128GB,"
934616458521,135.98,5,2026-08-03 19:10,"Tablet 11 inch Ultra Android 14 Tablets 10GB（4+6） RAM 128GB,"
934735224359,126.37,5,2026-08-03 19:14,"2025 Android 15 Tablet 128GB ROM (1TB TF) 10 inch WiFi 5000m"
934911438051,91.99,5,2026-08-03 19:20,"Kids Tablet, Android 15 Tablet for Kids 10 inch Octa-Core 20"
934918111339,105.58,5,2026-08-03 19:20,"Tablet 10.36" Android 14 Tablet 16+128GB Octa Core 1280800 H"
934958832744,131.99,5,2026-08-03 19:21,"Tablet 11 inch Ultra Android 14 Tablets 10GB（4+6） RAM 128GB,"
934984678361,115.99,5,2026-08-03 19:24,"10.1 inch Tablet Android 15 24GB RAM 128GB ROM Dual Camera W"
935008123768,95.96,5,2026-08-03 19:31,"Kids Tablet 10.1 Inch Android 15 for 3-12 Parental Controls "
935014109381,80.92,5,2026-08-03 19:32,"Android15 Tablet 20GB RAM 64GB ROM (1TB TF) 10 inch WiFi 500"
935074244978,135.98,5,2026-08-03 19:34,"11 inch Android 15 Tablet 24(4+20)GB RAM 128GB ROM IPS LCD H"
935084869130,79.98,5,2026-08-03 19:35,"Android 15 Tablet 16GB RAM 32GB ROM Dual Camera LCD WIFI BT "
935155705237,95.98,5,2026-08-03 19:35,"10.1 Inch Kids Tablet 20GB RAM 64GB ROM Android 15 for 3-12 "
935173102902,89.98,5,2026-08-03 19:36,"Kids Tablet 10.1 Inch Android 15 for 3-12 Parental Controls "
935176866153,104.97,5,2026-08-03 19:38,"Android 15 10.1" Tablet 20GB RAM + 64GB ROM WiFi 6 BT5.4 Dua"
935203466356,104.99,5,2026-08-03 19:39,"10inch Tablet Android 15 Tablet 20GB RAM + 64GB ROM 1TB TF T"
935336997758,87.96,5,2026-08-03 19:40,"Tablet 10.1 inch Android 15 Tablet 20+64GB RAM Octa-Core 128"
935404545676,111.96,9,2026-08-03 19:42,"10 Inch Kids Tablet,Android 14 tablet for kids Octa Core,8GB"
935414260361,97.97,10,2026-08-03 19:43,"10.1" Kids Tablet Android 15 20GB RAM 64GB Touchscreen Octa-"
935519832616,97.97,5,2026-08-03 19:43,"10.1 Inch Kids Tablet 20GB RAM + 64GB ROM Android 15 for 3-1"
935539792037,124.99,5,2026-08-03 19:44,"Android 15 Tablet 24GB RAM 128GB ROM (1TB TF) 10 inch WiFi 5"
935580989059,87.96,5,2026-08-03 19:44,"Android 15 10.1 inch Tablet 20GB RAM + 64GB ROM Bluetooth WI"
935662700831,142.90,9,2026-08-03 19:45,"Android 16 Tablet 10 inch 36GB RAM 128GB ROM 7800mAh WiFi 6 "
935825537502,60.14,89,2026-08-03 19:45,"12v 230V Electric Fence Energiser 2J Output 10km Horse Sheep"
935872359324,59.18,12,2026-08-03 19:45,"1080P Full Dash Cam Car Video Driving Recorder Center Consol"
935991494814,7.98,48,2026-08-03 19:45,"2 Button Key Fob Case Shell Replacement for Toyota Yaris 200"
936038138005,17.98,8,2026-08-03 19:45,"T3661 Maintenance Box for Epson XP8500 XP8600 XP8700 XP970 U"
936039748746,70.38,2,2026-08-03 19:45,"18V Battery Brushless Handheld Nail Gun Nailer Tacker Nail G"
936072652338,107.18,16,2026-08-03 19:45,"For 2014 2021 Nissan Qashqai J11 Right Driver Electric Wing "
936121937935,94.36,5,2026-08-03 19:45,"2025 Android 15 Tablet 64 GB ROM (1TB TF) 10 inch 5GWiFi 500"
936157498127,92.99,5,2026-08-03 19:45,"2025 Newest Android 14 Tablet 64GB ROM (1TB TF) 10-inch WiFi"
936239893406,127.96,5,2026-08-03 19:45,"11 Inch Android 15 Tablet 20+128GB ROM (1TB TF) WiFi 6800mah"
936271826875,124.01,5,2026-08-03 19:45,"11 Inch Android 14 Tablet 20+128GB ROM (1TB TF) WiFi 6800mah"
936336511043,95.96,5,2026-08-03 19:45,"2025 Android 15 Tablet 20GB+64GB ROM (1TB TF) 10 inch WiFi 5"
936347609562,95.96,5,2026-08-03 19:45,"2025 Newest Android 14 Tablet 64GB ROM (1TB TF) 10 inch WiFi"
936397572465,90.90,5,2026-08-03 19:45,"Android 15 Tablet 16GB RAM 32GB ROM (1TB TF) 10 inch 5GWiFi "
936496046935,116.78,5,2026-08-03 19:46,"2025 Newest Android 15 Tablet 128GB ROM (1TB TF) 10inch WiFi"
936523444406,103.99,5,2026-08-03 19:46,"2025 Newest Android 14 Tablet 128GB ROM (1TB TF) 10inch WiFi"
936526360666,143.96,10,2026-08-03 19:46,"11 Inch Android 15 Tablet 20+128GB ROM (1TB TF) WiFi 6800mah"
936654148808,105.58,5,2026-08-03 19:46,"2025 Android 15 Tablet 16GB+64GB ROM (1TB TF) 10 inch WiFi 5"
936666835994,105.58,5,2026-08-03 19:46,"Android 14 Tablet with Charging Speaker Dock Otca-Core 24GB+"
936698897366,111.98,5,2026-08-03 19:46,"10.34" Android 15 Tablet 128GB ROM (1TB TF) WiFi 5000mah Dua"
936770584092,123.15,5,2026-08-03 19:46,"2025 Android 15 Tablet 24GB+128GB ROM (1TB TF) 10 inch WiFi "
936812696875,137.58,10,2026-08-03 19:46,"10inch Android 15 Tablet 24GB + 128GB ROM (1TB TF) WiFi 5000"
936821868003,137.58,5,2026-08-03 19:46,"Android 15 Tablet 128GB ROM (1TB TF) 10inch WiFi 5000mAh Dua"
936828009386,43.98,5,2026-08-03 19:46,"2 in 1 Z Creeper Seat Rolling Padded Auto Mechanics Shop Gar"
936912552408,16.30,5,2026-08-03 19:46,"2 X SAFETY SUPPORT HAND RAIL HANDLE BAR GRIP GRAB SUCTION BA"
936975653746,10.18,5,2026-08-03 19:46,"4X LUGGAGE PADLOCK TRAVEL SUITCASE BAG SECURITY COLOURED LOC"
937001660868,7.78,5,2026-08-04 01:35,"Stainless Steel NEW Gourmet Pride Professional Cheese Slicer"
937043168407,15.52,5,2026-08-03 19:46,"Ring Sizing Mandrel Stick Finger Measure Gauge Sizer Jewelle"
937057319512,13.08,10,2026-08-03 19:46,"Massager Posture Support Relief Lower Back Lumbar Pain Spine"
937060432703,7.70,5,2026-08-03 19:46,"AKB75095308 LG TV REPLACEMENT REMOTE CONTROL FOR SMART TV LE"
937082580062,16.78,5,2026-08-03 19:46,"Laptop Stand Adjustable Folding Portable Desktop Holder Offi"
937126454014,8.58,5,2026-08-03 19:46,"Remote Control Replacement for MAG 254 250 255 257 260 350 C"
937197387112,7.90,5,2026-08-03 21:36,"Ankle Support Brace Strap Foot Sleeves Breathable Nylon Spor"
937223838762,10.08,10,2026-08-03 19:47,"600 Pcs 30 Values 1/4W 1% metal film resistors Resistance As"
937239874990,7.78,9,2026-08-03 19:47,"Professional Glass Cutter Sharp Tip Window Mirror Glazing Cu"
937314069297,10.98,5,2026-08-03 21:34,"22 PIECE MULTI COLOURED ALUMINIUM CROCHET HOOKS KNITTING NEE"
937320965521,7.70,5,2026-08-03 21:32,"Heel Pain Relief Plantar Fasciitis Cushion Gel Support Insol"
937324126683,8.58,5,2026-08-03 19:47,"2X Heavy Duty OVEN LINER Sheet Mat Non Stick Reusable BBQ Co"
937335232533,13.50,5,2026-08-03 19:47,"LCD BIKE COMPUTER SPEEDO ODOMETER WATERPROOF SPEEDOMETER CYC"
937398953031,25.26,7,2026-08-03 19:48,"100x Bed Pads Incontinence Sheets Baby Changing Mats 60cm x "
937437233322,11.28,10,2026-08-03 19:48,"2x 6" Professional Hairdressing Scissors Thinning Shears Set"
937447049463,13.70,5,2026-08-03 21:26,"Digital Kitchen Scales Electronic LCD Food Weight Postal Poc"
937453550564,14.90,5,2026-08-03 19:48,"2 x Male Urinal Bottle 1200ml | Pee Bottles for Men | Spill-"
937630700799,9.18,5,2026-08-03 19:48,"Automatic Door Closer Retractable Punch Free Automatic Senso"
937755673350,21.58,764,2026-08-03 19:48,"Large Pet Carrier Bag For Cat Dog Soft Portable Fold Puppy S"
937815803529,19.98,399,2026-08-03 19:48,"50 Extra Large Puppy Training Trainer Pads Toilet Pee Wee Po"
937819476552,60.76,104,2026-08-03 19:48,"Oscillating Pedestal Fan 16 inch" Portable 3 Speed Cooling F"
937825933063,22.38,606,2026-08-03 19:48,"Universal Travel Adapter Worldwide Plug UK EU AU US with USB"
937828180723,16.99,4864,2026-08-03 19:48,"300MM x 100M SMALL BUBBLE WRAP CUSHIONING QUALITY BUBBLE 100"
937847218940,13.98,842,2026-08-03 19:48,"Stainless steel Handle Broom Soft Bristle Indoor outdoor flo"
937874694892,13.98,1104,2026-08-03 19:49,"Tea Lights 8 Hour Long Burn Night Light Candles Unscented 50"
937914492112,23.18,845,2026-08-03 19:49,"Baby Bath Support Non Slip Bath tub Soft Touch Grey For New "
937922010605,17.98,2369,2026-08-03 19:49,"12X CLEAR STRONG PACKAGING PARCEL PACKING CARTON SEALING TAP"
937922222015,13.98,2060,2026-08-03 19:49,"12 CLEAR STRONG TAPE PACKAGING ROLLS PARCEL PACKING SELLOTAP"
938167028912,18.60,1855,2026-08-03 19:49,"LUXURY BRAND NEW HEAVY DUTY BATHROOM SLOW SOFT CLOSE WHITE O"
938204631853,16.78,1890,2026-08-03 19:49,"30m Washing Line Double Clothes Reel Retractable Wall Mounte"
938208656364,11.98,2591,2026-08-03 19:49,"6 Strong Brown Buff Parcel Packaging Packing Tape 48MM x 72M"
938219457356,19.98,2324,2026-08-03 19:49,"100 x KIDS PLASTIC HANGERS BABY CHILDREN CLOTHES SLIM COAT H"
938244495125,21.99,2993,2026-08-03 19:49,"500MM x 100M SMALL BUBBLE WRAP CUSHIONING STRONG QUALITY BUB"
938248031138,31.98,553,2026-08-03 19:49,"36x CLEAR PACKING TAPE PARCEL STRONG 48MM X 66M BOX SEALING "
938254787142,17.98,4399,2026-08-03 19:49,"10 X 500 ML DEHUMIDIFIER INTERIOR DAMP MOISTURE MOULD MILDEW"
938257776723,28.78,2440,2026-08-03 19:49,"6 x STRONG CLEAR PALLET STRETCH-SHRINK WRAP 400MM x 250M PAC"
938263286469,7.50,3899,2026-08-03 19:49,"300 Disposable Plastic PE Polyethene Gloves (Food Safe)"
938297708739,15.98,670,2026-08-03 19:49,"30 STRONG LARGE HEAVY DUTY GREEN GARDEN WASTE SACKS RUBBISH "
938356048721,28.78,1611,2026-08-03 19:49,"25 X 500 ML DEHUMIDIFIERS INTERIOR DAMP MOISTURE MOULD MILDE"
938530563644,57.58,932,2026-08-03 19:50,"6ft Folding Trestle Table White Party Picnic BBQ Carry Outdo"
938538579067,31.98,785,2026-08-03 15:44,"4FT Portable Folding Aluminium Camping Table Outdoor Garden "
938606078645,17.58,1330,2026-08-03 16:01,"300KG Heavy Duty Folding Up Stool Pocket Fishing Chair Outdo"
938612530045,15.80,962,2026-08-03 15:43,"MONEY BOX TIN 6" STEEL METAL CASH SAFE SECURITY PETTY TIN WI"
938637174118,30.38,1632,2026-08-03 15:58,"40 x WOODEN COAT HANGERS SUIT GARMENTS CLOTHES WOOD HANGER T"
938717937480,17.58,2872,2026-08-03 15:57,"100 BLACK ADULT CLOTHES PLASTIC HANGERS COAT TROUSERS/HANGER"
938739075870,43.16,948,2026-08-03 15:57,"65L Wheelbarrow Heavy Duty Galvanised Home Garden Metal Cart"
938776473363,11.90,848,2026-08-03 15:56,"4M X 10M Anti Bird Pond Garden Netting Net Plants Veg Fruit "
938812965562,79.98,334,2026-08-03 15:28,"11 Fin Oil Filled Radiator 2500W Electric Heater With Timer "
938857039525,111.98,297,2026-08-03 15:38,"30 x STRONG CLEAR PALLET STRETCH SHRINK WRAP, PACKING CLING "
938877338967,17.58,4038,2026-08-03 15:52,"Fan Heater 1000W ***W KW Portable Electric Hot Warm Air Ove"
938937476714,19.98,800,2026-08-03 15:52,"12 X 210g HANGING DEHUMIDIFIER WARDROBE DAMP MOISTURE MOULD "
938952116695,12.98,2515,2026-08-03 15:51,"500MM x 25M SMALL BUBBLE WRAP CUSHIONING QUALITY BUBBLE 25 M"
938972758899,9.98,477,2026-08-03 15:50,"PACK OF 12 STAINLESS STEEL BIG TABLE FORKS SET ESSENTIAL KIT"
938975593213,135.98,489,2026-08-03 15:36,"Electric Heated Airer XL SIZE 3 TIER with Free Cover Low Ene"
938980670268,25.33,1635,2026-08-03 15:49,"2 STEP LADDER STOOL KITCHEN DIY HOME DOUBLE FOLDING NON SLIP"
938997317637,23.98,471,2026-08-03 15:49,"6 x 9 Grey Mailing Bags Strong Poly Postal Postage Post Mail"
939066403763,63.98,499,2026-08-03 15:48,"Baby Travel Cot Lightweight padded travel cot suitable from "
939084247943,30.38,998,2026-08-03 15:47,"Handheld Steamer Garment Clothes 1400W Fast Heat-Up, 265ml W"
939114228287,11.98,5256,2026-08-03 15:46,"50x 3 PLY DISPOSABLE FACE MASK - NON SURGICAL BREATHABLE MOU"
939157949552,46.38,911,2026-08-03 15:26,"HOMILEC Electric Space Fan Heater 1500W, Portable Ceramic PT"
939255608948,11.86,5285,2026-08-03 15:44,"6 x CLEAR STRONG PARCEL PACKAGING PACKING TAPE CARTON SEALIN"
939292294524,63.98,484,2026-08-03 15:24,"Zero Gravity Chair Recliner Outdoor Chair Reclining Garden S"
939357584218,19.98,5,2026-08-03 15:23,"2 Full Face Shield Visor Glasses Guard Protection Safety Cov"
939384975843,10.98,653,2026-08-03 15:29,"100 PAPER BAGS STRUNG BROWN KRAFT FOOD SANDWICH TAKEAWAY GRO"
939396127339,52.78,5,2026-08-03 15:57,"PTC Tower Heater ***W, Oscillating Fan Heater with Thermost"
939411998302,47.98,5,2026-08-04 17:19,"Smart Watch for Men Women (Make/Answer Calls) Fitness Watch "
939504032661,47.98,5,2026-08-04 17:19,"Smart Watch Women Men Bluetooth Call Fitness Smartwatch For "
939604825477,36.78,5,2026-08-04 17:19,"2026 Waterproof Smart Watch Women Smartwatch Bluetooth For i"
939714314403,36.78,33,2026-08-04 17:19,"2025 Smart Watches Women for iphone Samsung Android Heartrat"
939727778216,36.78,5,2026-08-04 17:19,"Ladys Smart Watch Women Fitness Tracker Blood Pressure Heart"
939743463639,34.58,5,2026-08-04 17:19,"Smart Watch Women For iPhone Android Fitness Tracker W/ SpO2"
939750904453,12.58,8,2026-08-04 17:19,"Jolen Creme Bleach Lightens Dark Hair Cream 30ml"
940046986718,11.98,5,2026-08-04 17:19,"Safe and Sound Antiseptic Cleansing and Soothing Spray 100ml"
940052264657,68.78,5,2026-08-04 17:19,"Electric Heater 1800W with Remote, PTC Ceramic Fan Heater, L"
940167443794,52.78,5,2026-08-04 17:19,"PTC ***W Oscillating Ceramic Tower Heater with Thermostat &"
940263531357,36.72,5,2026-08-04 17:19,"Blink Outdoor Wireless Security Camera - Weather Resistant -"
940265892371,39.98,5,2026-08-04 17:19,"boykeep Outdoor Camera Wireless 2.4G WIFI PTZ Smart Home Sec"
940342245854,83.18,5,2026-08-04 17:19,"2PCS ieGeek Outdoor Wireless Security Camera 2K Home WiFi Ba"
940396085079,83.18,5,2026-08-04 17:19,"2PCS ieGeek Security Camera Wireless Outdoor Battery Powered"
940495971563,79.98,5,2026-08-04 17:19,"16 MP 4G SIM Solar Security IP Camera Outdoor 4 Lens PTZ CCT"
940520914503,213.60,5,2026-08-04 17:19,"Lilfetime Free Unlimited Data 4G LTE Battery Solar Wireless "
940600775437,264.69,6,2026-08-04 17:19,"eufy Breast Pump E20 Heated Wearbable 3Temp Hands-Free App-C"
940669655428,127.98,5,2026-08-04 17:19,"eufy Baby Monitor C10 Add-On Camera,2K, 4 Zoom,351 Pan and 6"
940727398816,328.50,5,2026-08-04 17:19,"eufy Security eufyCam C37 2-Cam Kit, with Solar Panels and H"
940816684103,127.98,5,2026-08-04 17:20,"eufy Security eufyCam C35 Wireless Outdoor & Indoor IP67 Sol"
941125441548,352.50,5,2026-08-04 17:20,"eufy Security eufyCam C35 4 Pack with HomeBase Mini Wireless"
941174442084,175.25,0,2026-08-04 17:20,"eufy Security SoloIndoorCam E220 2K WiFi HumanAI&OutdoorCam "
941257539243,254.99,5,2026-08-04 17:20,"eufy Security C35 2 Pack with HomeBase Mini,Wireless, in/out"
941358453967,110.38,5,2026-08-04 17:20,"eufy Security eufyCam C35, Wireless,in/out,magnetic,color NV"
941429422465,510.15,5,2026-08-04 17:20,"eufy Security Camera E340 Wired Outdoor 360 3KWi-Fi NoFee&S3"
941486267689,59.98,5,2026-08-04 17:20,"eufy Security SmartTrack Card E30 Bluetooth Water Resistant "
941525029988,224.99,5,2026-08-04 17:20,"eufy Wired Cam C31 2 Pack with HomeBase Mini, 360 Coverage, "
941532238748,259.49,5,2026-08-04 17:20,"eufy Security Video Doorbell Camera E340 (Wired/Battery Powe"
941644224875,453.00,5,2026-08-04 17:20,"eufy Security Video Doorbell E340 Dual Cameras with HomeBase"
941656679687,289.50,5,2026-08-04 17:20,"Eufy Security S380 HomeBase3 eufy Edge Security Center No Mo"
941679084741,375.00,7,2026-08-04 17:20,"eufy Security, eufyCam 2 Pro Wireless Home Security Camera S"
941733191972,46.40,5,2026-08-04 17:20,"eufy Security Alarm System Motion Sensor Adjustable Sensitiv"
941884836814,99.98,5,2026-08-04 17:20,"NEBULA Anker Projector ultra compact desktop foldable stand,"
941889026159,568.50,5,2026-08-04 17:20,"eufy Security eufyCam C37 4-Cam Kit, 2K Solar Cameras and Ho"
942033272255,409.50,5,2026-08-04 17:20,"eufy Security PoE Bullet-PTZ CCTV Camera S4 Wired Outdoor 4K"
942117687616,59.98,5,2026-08-04 17:20,"eufy Solar Panel (3W), Compatible with eufyCams IP65 Outdoor"
942126373067,113.60,5,2026-08-04 17:20,"eufy eufyCam 2C Wireless Home Security Add-on Camera 1080p H"
942133384148,38.40,5,2026-08-04 17:20,"eufy Entry Sensor Detect Opened Closed Door Window Send Batt"
942150999103,61.24,5,2026-08-04 17:20,"eufy Security Indoor Cam C220 2K Resolution 360 PTz Plug-In "
942214732509,22.38,5,2026-08-03 13:20,"REDUCED! BRAND NEW SEALED IMO Dash 4G Mini Mobile Phone Dual"
942360958570,37.63,10,2026-08-04 17:20,"eufy Security SmartTrack Card,Bluetooth,Find My tracker(iOS "
942413133947,55.98,5,2026-08-04 17:20,"eufy Motion Sensor E20,Pet-Friendly Detection,5-Year Battery"
942423920070,111.98,5,2026-08-04 17:20,"Eufy Security Indoor Cam E30 4K UHD Security Camera Colour N"
942491532045,269.99,5,2026-08-04 17:20,"eufy Security Wearable Breast Pump S1 Electric Hands-Free He"
942707959000,174.00,5,2026-08-04 17:20,"eufy Baby Monitor C10 with 2K HD Camera 4.5"480p 4Zoom Night"
942712437562,248.99,5,2026-08-04 17:20,"eufy Security eufyCam 2C 2-Cam Kit Outdoor Wireless Camera B"
942828003286,280.50,5,2026-08-04 17:20,"eufy Security 5-Piece Home Alarm Kit,Keypad,Motion & 2 Entry"
942905260021,744.00,5,2026-08-04 17:20,"eufy Omni C20,Robot Vacuum Cleaner with Mop, All-in-One Stat"
942947672073,47.98,5,2026-08-05 08:40,"eufy Entry Sensor E20, Dual-Side Detection, Convenient Bypas"
942994307928,47.98,5,2026-08-04 17:20,"eufy Security Water and Freeze Sensor with Remote Alerts, IP"
943025881264,143.98,5,2026-08-04 17:20,"eufy Wired Cam C31 2-Pack, 360 Coverage with Pan and Tilt, C"
943045886485,38.40,5,2026-08-04 17:20,"eufy Entry Sensor Detect Opened Closed Door Window Send Batt"
943054196940,127.98,9,2026-08-04 17:20,"eufy Smoke Detector E10,Precise Fire Alarms,70 mm Design,5 Y"
943106933349,26.38,6,2026-08-03 13:20,"NEW SEALED IMO Dash 4G Unlocked 2.4” Black Button Phone - UK"
943126013526,63.98,5,2026-08-04 17:20,"eufy Digital Bathroom Scales C20 for Body Weight Large TFT S"
943463653768,143.98,5,2026-08-04 17:21,"eufy Video Doorbell Camera Wireless C30 with Chime2 Live 2K "
944216224525,43.68,4,2026-08-03 13:20,"RetroScaler 2x Retro Consoles To HDMI Adapter HDMI-compatibl"
944258780102,144.72,21,2026-08-03 13:20,"Brand New NOKIA 6310 4G Unlocked Mobile Phone Bluetooth Came"
944440887411,150.69,5,2026-08-04 17:21,"eufy Solar Security Camera Wall Light CamS120 Outdoor Wirele"
944479953644,141.15,0,2026-08-04 17:21,"eufy Security S220 SoloCam Solar Security Camera Outdoor Wir"
944558308488,63.74,5,2026-08-04 17:21,"eufy Security Indoor Cam C220 2K Resolution 360 PTz Plug-In "
944666887448,35.68,2,2026-08-04 19:37,"3.5" PC System Monitor Display Type-C CPU RAM GPU IPS 320x48"
944688910148,95.92,5,2026-08-04 19:37,"24 Inch Full HD Monitor 1080p VA Panel HDMI DP Slim Computer"
944706846237,155.74,16,2026-08-04 19:37,"ARZOPA 16.1'' 180Hz 2.5K Portable Monitor, 2560x1440 QHD 107"
944749071566,155.74,16,2026-08-04 19:38,"ARZOPA 16.1'' 180Hz 2.5K Portable Monitor, 2560x1440 QHD 107"
945015661399,118.40,5,2026-08-04 19:38,"Acer Full HD 23.8 Inches Monitor Black"
945036681604,87.92,2,2026-08-04 19:38,"Koorui E2411F 24 Inch 100Hz IPS Full HD Gaming Monitor"
945075547206,295.49,2,2026-08-04 19:38,"Viewsonic VX3276-MHD-3 32-Inch Full HD, Frameless IPS Monito"
945193675638,52.69,5,2026-08-04 19:38,"10.1" HD CCTV LCD Monitor PC Screen AV/RCA/VGA/HDMI/BNC Vide"
945234708387,158.40,5,2026-08-04 19:38,"Acer Full HD 27 Inches Monitor Black"
945245126491,67.66,10,2026-08-04 19:38,"10.1 inch LCD Monitor Mini TV Computer Display PC TV Display"
945268071761,87.98,4,2026-08-04 19:38,"ZFTVNIE 14 inch FHD 1920 x 1200P USB-C Portable Monitor for "
945273540856,142.40,5,2026-08-04 19:39,"Lenovo TDS L24-4e Full HD 23.8 Inches Monitor Black"
945287646445,86.38,10,2026-08-04 19:39,"17.3 Inch Portable Monitor, 1080P FHD IPS Computer Screen HD"
945313835676,114.93,5,2026-08-04 19:39,"KOORUI E2212H 22 Inch FHD Monitor, Gaming 120Hz, VA Computer"
945360436307,111.98,1,2026-08-04 19:39,"Portable Monitor Touchscreen, 16 Inch 1920X1200P Touch Scree"
945455557009,232.49,1,2026-08-04 19:39,"HP EliteDisplay E243m 23.8" Full HD IPS Business Monitor – B"
945547429016,235.05,5,2026-08-04 19:39,"KEFEYA S2 14" Portable Monitor for Laptop - Screen Extender "
945712393418,79.98,9,2026-08-04 19:39,"11.6 Inch Portable Monitor 1366X768 LCD 4K Display TFT gamin"
945747285832,92.62,5,2026-08-04 19:39,"ViewSonic VA240-H 24 Inch Frameless IPS Monitor Full HD 1080"
945792503523,68.78,56,2026-08-04 19:39,"10.1" HD CCTV LCD Monitor PC Screen AV/RCA/VGA/HDMI/BNC Vide"
945854813324,134.40,5,2026-08-03 13:20,"SHARP OSAKA Stereo Radio Bluetooth 5.3 FM / DAB+ BestTune, G"
945913828290,68.78,5,2026-08-04 19:39,"10.1" HD Security Monitor Mini TV Computer Display PC Displa"
945925790233,97.58,5,2026-08-04 19:39,"18.5" ELED CCTV Security Monitor HD Display Screen HDMI VGA "
946214709332,202.50,5,2026-08-04 19:39,"CELLO 32 inch Full HD LED Monitor 9.5ms 1200 Contrast Flicke"
946215035461,225.00,6,2026-08-05 08:40,"iiyama GB2771QSU-B1 27 Inches"
946325578162,140.92,4,2026-08-04 19:39,"Gawfolk 24 Inch Curved Gaming Monitor, Built-in Speakers, 12"
946344426888,179.98,8,2026-08-04 19:39,"Cello C1924SH 19" inch HD Ready LED TV. Freeview EASY OPERAT"
946410615024,202.50,5,2026-08-04 19:39,"CELLO 32 inch Full HD LED Monitor 9.5ms 1200 Contrast Flicke"
946439313772,299.99,2,2026-08-04 19:39,"Cello CTrav16TZ 16 inch 12v 24v Smart Caravan TV 1080P WiFi "
946514198836,299.99,10,2026-08-04 19:39,"Cello CTrav19TZ 19 inch 12v 24v Smart Caravan TV WiFi Freevi"
946515738048,224.99,9,2026-08-04 19:39,"Cello C2224F 22" inch FULL HD LED TV DVD COMBI EASY OPERATIO"
946516754672,329.99,6,2026-08-04 19:40,"Cello CTRAV22TZ 22 inch Smart 12v 24v TV TIZEN Samsung TV Pl"
946562275701,344.99,5,2026-08-04 19:40,"Cello CTRAV24TZ 24 inch Smart TV TIZEN Samsung Plus 12v 24v "
946584399638,219.91,3,2026-08-04 19:40,"Cello C1926TZH 19 inch Smart TV Tizen OS by Samsung WiFi Fre"
946656019013,404.99,9,2026-08-04 19:40,"Cello CTRAV32TZF 32 inch Smart 12v TV DVD TIZEN Samsung Plus"
946694514228,403.50,5,2026-08-04 19:40,"Cello CTRAV27TZF 27 inch Smart TV DVD TIZEN Samsung Plus 12v"
946778354412,373.50,5,2026-08-04 19:40,"Cello CTRAV27TZ 27 inch Smart TV TIZEN Samsung Plus 12-Volt "
946795323453,47.98,6,2026-08-04 19:40,"CELLO WHITE Digital Electric Kettle with Temperature Control"
946839325566,239.99,3,2026-08-04 19:40,"Cello C32RK 32 Inch ROKU Smart LED TV FREELY WiFi HDMI Netfl"
946894127686,63.98,10,2026-08-04 19:40,"CELLO-KE185-BK Digital Electric Kettle with Temperature Cont"
946911468426,674.99,5,2026-08-04 19:40,"Cello C22TZRVOY 22 inch 12v Smart TV Samsung Plus OS built i"
946924775511,63.98,5,2026-08-04 19:40,"Cello TR186 Digital 4 Slice Toaster Touch Control Wide Slots"
946946188016,44.78,5,2026-08-04 19:41,"Cello WHITE Digital 2 Slice Toaster Touch Control 800w Wide "
946959522968,36.78,5,2026-08-04 19:41,"CELLO 12v TV LEAD REGULATED ADAPTER FOR CELLO 12V TVs"
947012449796,39.98,5,2026-08-04 19:41,"Cello 2 Slice Toaster Extra Wide Slots 6 Levels 3 Function T"
947012500589,95.98,6,2026-08-04 19:41,"Cello TR186 Digital 4 Slice Toaster Touch Control Wide Slots"
947021357969,79.98,5,2026-08-04 19:41,"Cello AF2599 Perfect Temp Air Fryer Built-in thermometer for"
947058469505,374.99,9,2026-08-04 19:42,"Cello 4G 5G Unlocked WiFi Internet Router Antenna 12v Batter"
947113369191,79.98,7,2026-08-04 19:42,"Cello Blue kettle and Toaster set textured design, 3000w 1.7"
947128550898,79.98,7,2026-08-04 19:42,"Cello Blue kettle and Toaster set textured design, 3000w 1.7"
947133119349,39.98,5,2026-08-04 19:42,"Cello 2 Slice Toaster Extra Wide Slots 6 Levels 3 Function T"
947149507369,87.98,9,2026-08-04 19:42,"Cello YW-S15M 12v 30 Watt Bluetooth Soundbar Optical Out USB"
947216703458,354.91,5,2026-08-04 19:42,"Cello C43RK4K 43 Inch ROKU Smart LED TV FREELY WiFi HDMI Net"
947423377879,143.98,4,2026-08-04 19:42,"Cello Kettle and Toaster 4 Slice Set Digital GREEN Fast FREE"
947468738024,39.98,5,2026-08-04 19:42,"Cello 3kw 1.7 Litre Rapid Boil Cordless Jug Kettle Textured "
947492412129,159.98,5,2026-08-04 19:42,"From Cello Soundbar with 80 Watts Output and 2.1 Channel Spe"
947508711925,55.98,10,2026-08-04 19:42,"Cello TR185 Digital 2 Slice Toaster Touch Control 800w Wide "
947521874935,63.98,5,2026-08-04 19:42,"CELLO-KE185-SG Digital Electric Kettle with Temperature Cont"
947524276170,79.98,6,2026-08-04 19:42,"Cello CREAM kettle and Toaster set textured design, 3000w 1."
947525280862,95.98,5,2026-08-04 19:42,"Cello TR186 Digital 4 Slice Toaster Touch Control Wide Slots"
947530183288,47.98,9,2026-08-04 19:42,"LO33 Adjustable Full Motion TV Wall Mount with Tilt & Swivel"
947559434316,63.98,4,2026-08-04 19:42,"Secura QLT35F TV Wall Mount with Tilting Adjustment for 40” "
947617156969,247.45,4,2026-08-04 19:42,"AOC AGON Q27G4ZE 27" Fast IPS QHD 240Hz 0.3ms Gaming Monitor"
947627194180,331.45,5,2026-08-04 19:42,"LG 34U511A 34" IPS Full HD 100Hz 1ms UltraWide Monitor 34U51"
947646449582,347.95,5,2026-08-04 19:42,"UGREEN DH2300 4GB RAM 2 BAY NAS Expansion Enclosure with HDM"
947704434161,155.15,5,2026-08-04 19:42,"LG 24U411B-B 24" IPS Full HD 120Hz Monitor 24U411B-B.AEK"
947715255885,118.35,5,2026-08-04 19:42,"electriQ Premium Gaming Dual Monitor Arms with RGB OEM-P-GAM"
947720547722,161.95,5,2026-08-04 19:42,"electriQ 27" IPS QHD 180Hz 1ms Gaming Monitor eiq-27QHD180I"
947755134522,135.95,5,2026-08-04 19:42,"electriQ 24'' Fast IPS Full HD 240Hz Gaming Monitor eiq-24FH"
947755406742,178.50,5,2026-08-03 13:21,"SHARP Hi Fi Micro Sound System Tokyo Bluetooth Input DAB+ CD"
947880501626,92.75,5,2026-08-04 19:42,"electriQ Single Premium Monitor Arm with USB A/C Ports For U"
947883242519,30.35,5,2026-08-04 19:42,"electriQ Single Free Standing Monitor Arm For Up to x1 32" S"
947892349681,23.95,5,2026-08-04 19:42,"Acer Urban 16 Inch Back Pack in Grey and Green GP.BAG11.034-"
947930890229,57.55,5,2026-08-05 07:59,"HMD T21/Nokia T21 Rugged Grip Cover - Titan Grey 8P00000291"
947968154553,260.95,7,2026-08-05 07:59,"Kingston XS1000 1TB USB 3.2 Gen 2 Portable External SSD - Bl"
947981379865,1028.95,5,2026-08-05 07:59,"Medion SPRCHRGD S30 Qualcomm Snapdragon X Plus 16GB RAM 512G"
948052307855,38.35,5,2026-08-05 08:00,"Kingston DataTraveler Exodia M 128GB USB 3.2 Flash Drive DTX"
948071690624,150.35,5,2026-08-05 08:00,"AOC 24G4ZRE 24" Fast IPS Full HD 260Hz 0.3ms Gaming Monitor "
948233823938,370.45,5,2026-08-05 08:00,"HP 14s-dq0007na Intel Celeron 4GB RAM 64 GB eMMc 14 Inch Win"
948251281741,353.95,5,2026-08-05 08:00,"HANNspree HT225HPB 22" IPS Full HD 10-Point Touchscreen Moni"
948307851287,950.96,5,2026-08-05 08:00,"Zoostorm Delta Intel Core i7-12700 16GB RAM 1TB SSD No OS De"
948398236703,259.45,5,2026-08-05 08:00,"AOC C32G2ZE 31.5" VA Full HD 240Hz 0.5ms Curved Gaming Monit"
948409168221,446.96,5,2026-08-05 21:23,"LG UltraFine 27U730B 27" IPS 4K UHD USB-C Height-Adjustable "
948433602975,145.55,5,2026-08-05 08:01,"AOC 27B3HA2 27" IPS Full HD 120Hz 1ms Monitor 27B3HA2"
948506411473,155.15,5,2026-08-05 08:01,"ASUS TUF Gaming Keyboard and Mouse Bundle BUN/90MP01X0-BKEA0"
948531245128,193.45,5,2026-08-05 08:01,"MSI MAG 244C 24" VA Full HD 180Hz 1ms Gaming Monitor 9S6-3BB"
948550897711,277.45,5,2026-08-05 08:02,"Kingston 16GB (1x16GB) SO-DIMM 3200MHz DDR4 Laptop Memory KC"
948573908210,83.15,5,2026-08-05 08:02,"Lenovo Essential Wireless Combo Keyboard & Mouse Gen2 Black-"
948645979773,161.95,5,2026-08-05 08:02,"electriQ 27" IPS QHD 180Hz 1ms Gaming Monitor eiq-27QHD180I"
948852431859,289.93,2,2026-08-05 08:32,"Cello CTrav16TZ 16 inch 12v 24v Smart Caravan TV 1080P WiFi "
948894531548,325.68,5,2026-08-05 08:32,"Unispectra 16" Smart TV (webOS) + bracket 12/24V Motorhome C"
948922941516,149.98,5,2026-08-05 08:32,"14" inch 12V Volt Portable 1080P HD TV Freeview HDMI Digital"
949016137204,223.50,5,2026-08-03 13:21,"SHARP XPARTY Sing Party Speaker PS-931 Portable Bluetooth St"
949060874858,358.98,5,2026-08-05 08:33,"19" Smart TV (webOS from LG) HD 12V 24V 240V Freeview & SAT "
949071070027,257.92,5,2026-08-05 08:33,"22" Sierro LED HD TV & 8GB USB (12V 1080P Satellite Caravan "
949097901183,129.55,5,2026-08-05 08:33,"10 inch Freeview 1080P HDMI Portable TV Digital Television P"
949147501028,158.40,5,2026-08-03 13:21,"SHARP Tokyo FM Hi Fi Micro Sound System Bluetooth Input Radi"
949255237130,424.23,5,2026-08-05 08:33,"Unispectra 22" SMART Full HD TV 12V webOS + Magic Remote MOT"
951264916777,138.90,6,2026-08-03 13:21,"SHARP Slim TV Soundbar 2.1 with Subwoofer Bluetooth HDMI HT-"
954534595320,86.16,5,2026-08-03 13:21,"SHARP Compact TV Soundbar 2.0 Bluetooth HDMI 90W For Smaller"
957842533275,899.99,5,2026-08-03 13:21,"SHARP 65 Inch QLED TV 4K UHD TiVo Frameless Smart TV 65HM524"
964995847869,448.50,9,2026-08-03 13:21,"SHARP SumoBox Portable Speaker High Performance 120W SAM by "
9F-GH-PT-VX,259.99,1,2026-07-22 14:02,"Slush Machine, 2L Slushie Maker Machine, 5 Presets | Stainle"
9H-MP-QV-YZ,59.99,1,2026-09-12 13:44,"Thrusting Realistic Dildo Sex Toys, AI Sync Heating Thick An"
Ae-1005003196561675-7,24.98,1,2026-06-13 05:36,"2 Pcs Bunion Corrector For Women And Men Big Toe Relief Adju"
Ae-1005005060630213-4.98,21.97,1,2026-06-10 13:10,"(C24-Black) Bluetooth 5.0 FM Transmitter Handsfree Car Radio"
Ae-1005006049606008-2,9.97,1,2026-06-13 10:12,"2 in 1 USB 3.0 Card Reader Micro TF sd card Reader usb adapt"
Ae-1005006791935975-2,5.99,1,2026-06-13 08:22,"Massage Pet Cat Brush Corner Scrape Hair Removal Beauty Clea"
Ae-1005007129613124-8,22.68,1,2026-06-10 11:28,"Illuminated Computer Soundbar For Desktop And Laptop, Robust"
Ae-1005007140087185-9,19.01,1,2026-06-11 07:06,"Wired Desktop Speaker for Computer Audio, Desktop Speaker wi"
Ae-1005007335443843-10,19.99,1,2026-06-11 05:10,"2023 Bluetooth 5.0 FM Transmitter For Car FM/AUX Bluetooth C"
Ae-1005007420273760-47,99.99,1,2026-06-11 13:05,"350Bar 5000W Power Washer High Pressure Cleaner Machine Elec"
Ae-1005008624727871-9,19.99,1,2026-06-13 05:40,"Car Obd2 Scanner Diagnostic Tool Code Reader Can Diagnose Al"
Ae-1005008941135535-1,8.62,1,2026-06-13 09:50,"Suede & Sneaker Shoes Cleaning Eraser Matte Leather Shoes Ca"
Ae-1005009121149139-8,15.51,1,2026-06-13 10:03,"1pc Memory Foam Seat Cushion - 3D Ergonomic Support| Light G"
Ae-1005010513544564-12,29.97,1,2026-06-13 09:40,"X8 Brushless Turbo Jet Fan Blower 150000RPM Powerful Electri"
Ae-1005010778786938-14,27.01,1,2026-06-11 07:11,"Upgrade Your Listening With Our Desktop Monitor Speakers, Fe"
Ae-1005012030388716-19,49.99,1,2026-06-10 13:03,"42" Extra Large Lightweight Luggage Trolley Suitcase Travel "
Ama-B0001K9WB2-4,13.01,1,2026-06-13 06:45,"Draper 140mm PVC Flexible Funnel | Gauze Filter | Handle for"
Ama-B000KVLKQC-5,9.32,1,2026-06-11 11:35,"DenTek Temparin Max, Home Temporary Dental Repair Kit for Re"
Ama-B000NO0LB6-3,9.99,1,2026-06-10 10:34,"Tommee Tippee Essential Basics Brush and Comb Set, White, 2 "
Ama-B000O1B04U-56,289.99,1,2026-07-06 14:49,"Intex 56475NP - Inflatable Swim Center Family Lounge, 90 x 9"
Ama-B00114T7QC-7,21.97,1,2026-06-13 06:42,"Autoglym Leather Cleaner, 500ml - Car Leather Cleaner Deep C"
Ama-B0011NO7JK-19,31.40,1,2026-06-13 06:55,"HOZELOCK - Multi-Jet Spray Gun : Ideal for Daily Use, Multi-"
Ama-B0015R3AH2-50-38,79.99,1,2026-07-29 13:23,"(Banana) Optimum Nutrition Gold Standard Whey Protein Isolat"
Ama-B0018BM18O-5,11.95,1,2026-03-14 22:06,"Lifesystems Safety And Emergency Whistle With Lanyard for Ou"
Ama-B001CMYACE-6,12.38,1,2026-06-13 06:39,"CarPlan TPH005 5L Fuel Can, Unleaded Petrol (Green)"
Ama-B001EILAQU-7,17.50,1,2026-06-13 06:37,"T-Cut Colour Fast Scratch Remover Colour Enhancer, Black, 15"
Ama-B001P5SPJW-6,17.01,1,2026-06-13 06:36,"Headlamp Beam Eurolites Head Light Deflectors Convertors Ada"
Ama-B002CN6LT2-15,29.99,1,2026-03-02 12:43,"Salter 114 BKCLDR Mechanical Kitchen Scale, Compact, 5 Kg Ma"
Ama-B002IS0M32-20,32.43,1,2026-06-10 10:40,"Tommee Tippee Baby Healthcare and Grooming Kit, 9x Essential"
Ama-B002NGNRHC-65,109.99,1,2026-06-10 10:55,"Breville HotCup Hot Water Dispenser | 2.0L with 3kW Fast Boi"
Ama-B0030FUHR8-4,12.99,1,2026-06-13 07:07,"Kilner Clip Top Jar 1 Litre (1000 ml) Airtight Glass Storage"
Ama-B0044090GC-14,22.99,1,2026-06-13 06:35,"Meguiar's G15812EU Ultimate Black Plastic Restorer Trim Rest"
Ama-B0054O7HIU-147,205.01,1,2026-07-25 08:05,"Viners Eden 44 Piece 18/10 Silver Stainless Steel Cutlery Se"
Ama-B0056F762E-4,9.99,1,2026-06-11 11:25,"TePe Interdental Brush, Original, Red, 0.5mm/ISO 2, 8pcs, ef"
Ama-B0080ZSQKS-2,9.99,1,2026-06-13 07:08,"Dr. Beckmann Service-it Deep Clean Washing Machine Cleaner |"
Ama-B00D8Z8L3C-8,17.99,1,2026-06-13 07:34,"Unigloves Black Pearl Nitrile Examination Gloves - Multipurp"
Ama-B00DVL2XG4-67,104.01,1,2026-07-25 07:48,"Viners Eden 24 Piece Elegant Mirror Polished Stainless Steel"
Ama-B00GYU8SFY-80,97.41,5,2026-07-13 07:49,"Russell Hobbs RHM2076B 20 Litre 800 W Black Digital Solo Mic"
Ama-B00GYUNH2S-84.99,159.99,1,2026-07-25 13:38,"20 Litre 800 W Silver Digital Solo Microwave with 5 Power Le"
Ama-B00GYUNH2S-85,118.59,5,2026-07-13 07:55,"Russell Hobbs RHM2076S-AZ 20 Litre 800 W Silver"
Ama-B00HF63AYA-26.99,49.99,1,2026-07-25 13:15,"Bulk Pure Whey Protein Powder, Vanilla, 1kg"
Ama-B00RD0KTZQ-14,24.50,1,2026-06-13 07:04,"Spear & Jackson 5LPAPS 5 Litre Pump Action Pressure Sprayer"
Ama-B013OYAZYO-24,39.99,1,2026-06-13 07:25,"Draper 44 Piece Precision Screwdriver Hex Key and Bit Set | "
Ama-B013V4FHZ4-5,9.89,1,2026-06-11 11:07,"TePe Interdental Brush, Original, Yellow, 0.7mm/ISO 4, 8pcs,"
Ama-B018ITQUIU-199,299.99,1,2026-08-19 11:47,"Sniper 19inch SMART LED Camping TV   webOS   Bluetooth 5.0, "
Ama-B01AUH2OHE-11,29.99,1,2026-03-10 11:46,"Q-Connect Economy Footrest Tilt Action Platform Size 448x325"
Ama-B01J83OYEM-9,19.99,1,2026-06-13 06:59,"Nippon 2 x Ant Stop Bait Stations Destroy Ants and Nests Hom"
Ama-B01JG5JZ46-60,75.99,1,2026-04-27 08:02,"Hangsun Large Foot Spa Bath Massager with Heat Bubbles Massa"
Ama-B01LZGNPUL-44,70.01,1,2026-07-16 07:10,"Skinner's Field & Trial Puppy Lamb & Rice ? Complete Dry Foo"
Ama-B01M7U09WB-11,24.50,1,2026-03-16 21:35,"Beast Gear Barbell Pad  Heavy Duty Weightlifting Squat and H"
Ama-B01N5DO2HQ-12,19.69,1,2026-06-13 06:08,"Perfumers Choice - No 9 Victor by Milton Lloyd Men - 2.8 oz "
Ama-B071GY11Z4-8,17.99,1,2026-06-13 06:40,"Wonder Wheels Colour Active Acid Free pH Neutral Alloy Wheel"
Ama-B071X47XHW-8,63.97,1,2026-06-13 06:44,"T-Cut Perfect Paint Rapid Scratch Remover, 500ml – Removes S"
Ama-B072F4P2JK-8,16.99,1,2026-06-13 07:02,"Growmoor Multi-Purpose Compost 40 Litre"
Ama-B073D1T2XV-40,69.01,1,2026-06-13 11:49,"Elixir Gardens 360 g/l Glyphosate Commercial Industrial Stre"
Ama-B073V4SRBZ-5,13.99,1,2026-06-13 06:13,"Vet's Best Dental Care Finger Wipes,Reduces Plaque & Freshen"
Ama-B0753F65J5-20,31.99,1,2026-06-13 06:51,"Nemasys Leatherjacket Killer nematode treatment (100 sqm)"
Ama-B075MDQ977-25,39.99,1,2026-06-11 10:45,"Kitchen Utensils Set - 25pieces Non-Stick Heat Resistant Coo"
Ama-B076M93597-2-8,28.99,1,2026-06-10 10:35,"2pk Hooded Baby Towel White"
Ama-B0772M72CQ-6.59,15.25,1,2026-03-10 07:16,"Gritin Skipping Rope, Speed Jump Rope Soft Memory Foam Handl"
Ama-B077YR7J7M-14.49,28.98,1,2026-06-10 11:47,"HNNHOME Clear Bath Shower Screen Door Seal Strip for 4-6mm G"
Ama-B078QQRKWL-13,25.99,1,2026-03-28 07:31,"Ecomoist Natural Screen Cleaner 500ml with Fine Microfiber T"
Ama-B078YCDBF7-26,38.40,1,2026-06-11 06:05,"Family Size Bio Washing Powder - 130 Washes - Laundry Cleani"
Ama-B07CRG7BBH-85,139.99,1,2026-07-25 08:10,"Seagate Portable Drive 1TB, External Hard Drive, Dark Grey, "
Ama-B07CTB6PK5-8,14.99,1,2026-03-18 22:02,"AOMEES Adhesive Hooks Heavy Duty Wall Hooks 8kg (Max) Self A"
Ama-B07CWLF6T5-41,89.99,1,2026-03-18 21:51,"Really Useful Plastic Storage Box Bonus Pack 3x35 Litre Clea"
Ama-B07D38HKCS-15,31.20,1,2026-03-13 21:21,"Tangle Teezer | The Mini Ultimate Detangler Hairbrush |Gentl"
Ama-B07D395945-15,24.97,1,2026-03-13 21:18,"Tangle Teezer Ultimate Detangler Hairbrush for Wet & Dry Hai"
Ama-B07DPJMSTS-16,46.99,1,2026-04-11 07:27,"DuraPro 2Pcs 3.7V 1200mAh EN-EL19 EN EL19 Camera Battery + L"
Ama-B07FCBYKGN-10,16.99,1,2026-06-11 11:50,"COLORCORAL Keyboard Cleaner Universal Dust Cleaning Gel for "
Ama-B07FCBYKGN-b-10,45.82,1,2026-06-11 11:49,"COLORCORAL Keyboard Cleaner Universal Dust Cleaning Gel for "
Ama-B07FM7MGGD-43,78.99,1,2026-04-11 06:54,"NP-F970,NP-F960,NP-F930,NP-F950,NP-F550,Powerextra 2 X 8800m"
Ama-B07FQDKR28-19,39.99,1,2026-03-25 09:30,"eSUN PLA+ Filament 1.75mm Enhanced Toughness Dimensional Acc"
Ama-B07FZ1DQQQ-6,15.99,1,2026-06-13 06:52,"Extra Select Premium Wild Bird Food, 3 kg"
Ama-B07J5H5DQB-26,41.95,1,2026-02-21 08:17,"VENO 3 Pack Reusable Shopping Trolley Bags Set, Heavy Duty C"
Ama-B07JLZTN1C-25,49.99,1,2026-03-16 22:11,"Momcozy Baby Pushchair Organiser, 3 Insulated Cup Holder，Det"
Ama-B07KC136DZ-70,119.99,1,2026-08-10 09:47,"W-KING Bluetooth Speakers, 90W Peak 50W RMS Portable wireles"
Ama-B07KF9TC3J-26,45.49,1,2026-06-13 06:16,"PERLESMITH TV Wall Bracket, Swivel Tilt Wall Mount for 26-70"
Ama-B07KF9TC3J-30,55.99,1,2026-02-21 09:43,"PERLESMITH TV Wall Bracket, Swivel Tilt for 26-70 Inch Flat "
Ama-B07KH2BZVM-16,33.99,1,2026-06-13 07:29,"20 Pcs Mix Oscillating Saw Blades, Professional Wood/Metal U"
Ama-B07LBRCZTJ-5,14.86,1,2026-06-13 06:56,"Provanto Ultimate Bug Killer, 1L - Fast Acting Bug Spray wit"
Ama-B07MTP9VKX-120,194.99,1,2026-03-24 09:33,"Verbatim Blu-Ray DVD-Drive 43888 - External - Black"
Ama-B07N6KQQPF-88,105.44,5,2026-07-13 08:11,"Toshiba 800w 23L Microwave Oven with Digital Display, Auto D"
Ama-B07PNL5STG-19,33.97,1,2026-06-13 05:36,"INIU Power Bank, Portable Charger 10000mAh Slimmest & Lighte"
Ama-B07Q4PZNX6-25,41.92,1,2026-06-13 06:49,"Rootblast  Super Strength Concentrated Total Weed Killer  Gl"
Ama-B07R6JVT5H-19,29.98,1,2026-03-02 08:28,"Nuby Travel Booster Seat – Compact and Foldable | Baby Sit U"
Ama-B07RRPT6YM-50,84.97,1,2026-06-11 07:41,"Russell Hobbs Desire 3 in 1 Electric Hand Blender, Fruit & V"
Ama-B07RVY87M6-37,59.97,1,2026-06-11 07:40,"Desire Electric Fruit & Vegetable Mini Chopper, 1L glass bow"
Ama-B07WVNW73L-16,31.99,1,2026-02-21 06:24,"SHARPAL 191H Kitchen Chef Knife and Scissors Sharpener for S"
Ama-B07X9RS78G-46,59.99,1,2026-06-11 06:02,"Q PLUS Android 10.0 TV Box, 4GB RAM/32GB ROM H616 Quad-Core,"
Ama-B07XDR4Y6N-18,29.98,1,2026-03-18 21:57,"Vacuum Storage Bags 7 Jumbo, Space Saver Sealer Bags, Airtig"
Ama-B07XS85KVX-63,95.08,1,2026-06-10 14:07,"Neo Electric Power Jet Washer 110 Bar High Pressure Patio an"
Ama-B07YP9FBMM-253,379.99,1,2026-06-11 10:24,"NVIDIA Shield Android TV Pro | 4K HDR Streaming Media Player"
Ama-B07Z3HB7DR-20,39.90,1,2026-06-13 06:43,"MOTOPOWER MP69033 OBD2 Scanner Universal Car Engine Fault Co"
Ama-B081H4VCMB-6,14.75,1,2026-03-13 22:18,"BLADO Washable Door Mats Indoor & Outdoor - Non-Slippery Hea"
Ama-B0822ZK127-10,19.99,5,2026-06-10 11:04,"Blue Light Blocking Glasses - Gaming Glasses - Premium Magne"
Ama-B082Q5CVBP-10,19.99,1,2026-06-10 12:07,"Kynup Garden Secateurs - SK-5 Steel Gardening Shears with Er"
Ama-B082WFN2KY-70,119.99,1,2026-03-30 13:08,"Haden Salcombe 800W Black & Copper Microwave 20L 2 Year Guar"
Ama-B0833MX78W-48,89.99,1,2026-06-11 07:54,"(White, 4 Slice Toaster) Russell Hobbs 26070 4 Slice Toaster"
Ama-B083K77PZL-60-70,101.01,1,2026-06-11 11:10,"Bluetooth Speaker 50W Speakers Wireless Bluetooth 50 With De"
Ama-B083K77PZL-70,99.99,1,2026-06-11 10:28,"Bluetooth Speaker, W-KING 90W Peak 50W RMS Speakers Wireless"
Ama-B083RS6D32-40,53.98,1,2026-06-11 08:24,"ORSKEY Dash Cam for Cars Front and Rear 1080P Full HD In Car"
Ama-B08462YJYT-55,109.99,1,2026-04-14 07:27,"AOC 22B2H - 22 inch FHD Monitor, 75Hz, VA, 7ms Frameless des"
Ama-B0849FSFRH-189,245.99,1,2026-07-25 08:22,"Cello C3220F 32" inch HD Ready LED TV with built in DVD play"
Ama-B086148RDW-17,49.99,1,2026-03-05 11:16,"USB Fan, OCOOPA USB Desk Fan Table Fan with Strong Airflow &"
Ama-B086CC8D6R-10,20.99,1,2026-06-13 07:05,"Premium Dried Mealworms, 5L Bag"
Ama-B086H8946D-11,21.99,1,2026-03-28 10:02,"UGREEN Ethernet Cable 5M, High-Speed Gigabit Cat 6 Network C"
Ama-B086N961L2-13,24.99,1,2026-02-10 15:08,"Command Picture Hanging Strips, Value Pack , 8 Pairs of Medi"
Ama-B087D6BC8S-13,25.99,1,2026-06-11 11:12,"Dots for Spots Acne Patches - Pack of 60 Translucent Hydroco"
Ama-B087JVV8FK-36,55.99,1,2026-06-11 13:38,"ARTIX CL750 Wired Headphones with Mic Noise Isolating On-Ear"
Ama-B08BTG6BSC-34,59.99,1,2026-07-25 07:50,"Wireless Bluetooth Party Speaker, PA Speaker System-300W Rec"
Ama-B08CVHTB4H-24,49.99,1,2026-06-11 08:17,"Power Bank 27,000mAh, QC 4.0 USB C 22.5W Fast Charging PD 20"
Ama-B08CXCQR9K-34,42.01,1,2026-06-10 14:03,"AGPTEK MP3 Player Bluetooth 5.3, 2.4-Inch Curved Screen, 32G"
Ama-B08D6691Q1-85,130.99,1,2026-03-10 10:42,"Medcursor Foot Massager Machine with Heat Function, Deep Kne"
Ama-B08D6691Q1-89,172.00,1,2026-07-11 22:45,"Medcursor Foot Massager Machine with Heat Function Deep Knea"
Ama-B08JSV2322-8,24.73,1,2026-06-13 06:58,"RatKil Rat Poison (6 x25g) Rat Bait & Mouse Poison Grain - S"
Ama-B08JTLZH93-11,17.50,1,2026-03-03 07:15,"Lepro 10W LED Floodlight Outdoor, 850LM LED Security Lights,"
Ama-B08MFCFKT8-12,34.99,1,2026-03-19 21:24,"YAUNGEL Seed Trays, 6 Pack 72 Cells Propagator Growing Thick"
Ama-B08NF6XPRT-33,69.99,1,2026-06-10 13:39,"Air Fryer Oven, Uten 5.5L Air Fryers Home Use 1700W with Rap"
Ama-B08NVMJVQ2-35,55.01,1,2026-07-25 08:24,"Excel ***W Electric Wallpaper Steamer Stripper 240V"
Ama-B08P517NW5-8,19.99,1,2026-03-28 09:11,"Memory Card Reader, BENFEI 4in1 USB 3.0 and USB-C to SD Micr"
Ama-B08RS6Z745-8,15.99,1,2026-03-17 21:55,"URAQT Tie Down Straps, 4 Pack Heavy Duty Tensioning Belts, 2"
Ama-B08SBVPZKD-18,36.99,1,2026-03-04 08:12,"Upgraded Kitchen Roll Holder with Tension Arm [Delicate& Pra"
Ama-B08V3JGB1F-7,14.99,1,2026-03-28 10:07,"Kitsch Dermaplane Razor for Women Face – Face Razors for Wom"
Ama-B08YDZMYDP-50-42,99.99,1,2026-06-11 10:10,"Yaheetech Outdoor Fire Pit for Garden, Round Firepit Patio H"
Ama-B092DJNLFB-7,24.07,1,2026-03-10 10:06,"TOVIKI Wrist Support Brace Right Hand with 2 Metal Splints f"
Ama-B092LZQ3RX-60,78.99,1,2026-06-11 06:21,"TECKNET Bluetooth Headset, Wireless Headset With Microphone "
Ama-B093LT2N4Q-8,15.99,1,2026-06-13 06:17,"DURACELL Plus AAA Batteries (12 Pack) – Alkaline Batteries 1"
Ama-B0956XD8Y7-27,59.99,1,2026-07-29 09:52,"Smart Watch, Fitness Tracker 1.69'' HD for Men Women, Step C"
Ama-B0956XD8Y7-27.99,59.99,1,2026-09-03 14:17,"Motast Smart Watch, Fitness Tracker 1.69'' HD for Men Women,"
Ama-B095SZ4S71-61.11,92.01,1,2026-06-11 12:52,"Raycon The Everyday Bluetooth Wireless Earbuds with Micropho"
Ama-B095T14D4S-61,92.01,1,2026-06-11 12:57,"Raycon The Everyday Earbuds with Microphone- Stereo Sound in"
Ama-B097C7NMNM-25.99,40.99,1,2026-07-30 11:02,"A2 DAB/DAB+ Portable Digital Radio, Sports model, Pocket siz"
Ama-B098PHLZ3N-23,27.20,1,2026-06-11 07:46,"Tapo L900-5 LED Strip Light 5m, Multicolour Led Lights for T"
Ama-B099WC46NF-23,37.99,1,2026-03-13 22:02,"3 Barrels Hair Curler - 25mm Curling Iron Tongs Hair Waver M"
Ama-B09C29CGMS-25,46.60,1,2026-06-13 06:14,"Tower Extension Lead with USB C Slots, TESSAN 8 Way Multi Pl"
Ama-B09DLFCB69-20,39.99,1,2026-07-15 09:57,"Beauty of Joseon Glow Deep Serum Rice + Alpha-Arbutin"
Ama-B09DPR2LZW-16,32.81,1,2026-06-10 11:13,"Gaming Headset Stereo Surround Sound Gaming Headphones with "
Ama-B09G6GLBJG-5,18.99,1,2026-03-10 09:48,"flintronic Drawstring Gym Bags Waterproof Swimming Bag Sport"
Ama-B09GYRBHBP-6,11.97,1,2026-03-29 07:31,"Kitsch Elastic Hair Ties for Women - Black No-Damage Rubber "
Ama-B09JVNZVH3-15,29.99,1,2026-07-15 08:23,"Beauty of Joseon Relief Sun Rice Probiotics SPF 50+ PA++++ K"
Ama-B09M3363HW-50,89.88,1,2026-06-11 06:18,"AstroAI Car Tyre Inflator Air Compressor, 240V Mains and 12V"
Ama-B09M3H4FBP-18,29.99,1,2026-06-11 13:58,"AZUNO 24 in 1 Ratcheting Multi Screwdriver Set with Universa"
Ama-B09MG7535B-6,13.69,1,2026-03-24 09:50,"AWINNER Compatible for Garmin Watch Charger Cable (2 Pack)"
Ama-B09MTLYM2B-20,39.99,1,2026-04-13 06:36,"2-Pack EN-EL20 EN-EL20a Battery and LED Dual Charger for Nik"
Ama-B09NCC6864-7,14.99,1,2026-03-24 09:42,"AWINNER Charger Cable Compatible for Garmin Fenix 7 7S 7X 6 "
Ama-B09PQSVFQT-20,33.99,1,2026-06-11 13:32,"Bluetooth Headphones Over Ear, 65 Hours Playtime Wireless He"
Ama-B09Q14LYQQ-53,90.70,1,2026-02-17 15:45,"Kipika Pull Up Bar Doorway, Pull Up Bar Wall Mounted, Multif"
Ama-B09RQQT8GY-6,26.99,1,2026-06-13 06:56,"PROTECT GARDEN 86601082 Slug  Snail Killer Max 800G  Powerfu"
Ama-B09VYZM53B-50,79.99,1,2026-02-28 09:13,"GreenForest Computer Desk with Monitor Stand,100cm Home Offi"
Ama-B09XJ6KRLP-8,20.99,1,2026-06-13 07:06,"FERRIS | 2pk Ant Killer Bait Station Destroys Ants and their"
Ama-B09XK7PB8J-30,43.95,1,2026-06-11 08:11,"Nuliie Pregnancy Pillow for Sleeping, U Shaped Full Body Pil"
Ama-B09ZHLZNHX-20,28.99,1,2026-06-11 10:44,"Chargeable Digital Kitchen Food Scale - AIMILAR LED Display "
Ama-B09ZQQ19ZH-13,29.99,1,2026-03-18 22:35,"Sinnsally Folding Sock Dryer with 36 Pegs,Metal Sock Hangers"
Ama-B0B1B6WCP3-4,15.99,1,2026-03-13 22:21,"TRAND Hemming Tape 20 Metres I Wonder Web Iron On Extra Stro"
Ama-B0B1NWC4SX-58,89.99,1,2026-07-31 10:23,"Micca 4K Ultra-HD USB and microSD Media Player, 4K HDMI, Dig"
Ama-B0B2DMM78J-40,79.97,1,2026-06-20 07:57,"Russell Hobbs Steam Genie 2in1 Handheld Clothes Steamer with"
Ama-B0B2DQVVZS-24,47.97,1,2026-06-20 06:59,"Russell Hobbs Steam Genie Handheld Clothes Steamer, No Ironi"
Ama-B0B3DTH99P-20,39.99,1,2026-06-13 07:03,"Enzeno Outdoor Garden Furniture Set Covers Waterproof242x182"
Ama-B0B3XJB54T-13,24.97,1,2026-03-29 07:23,"YoulerTex Microfibre Hair Towel Wrap: 2Pack Hair Turban Supe"
Ama-B0B4W8PQV8-7,14.97,1,2026-06-11 11:28,"200pcs Floss Sticks Dental, Triple Clean Advanced Clean Dent"
Ama-B0B6WHBGK5-45,59.99,1,2026-06-11 10:17,"DAB DAB+ FM Radio Bathroom Shower, IPX5 Water Resistant Wate"
Ama-B0B7NQBMLQ-20,49.49,1,2026-06-11 05:34,"Get Fit Blood Pressure Monitor CE Approved UK for Home Use -"
Ama-B0B97K4G96-70,109.99,1,2026-03-05 11:48,"GPATIO 150FT Garden Lights Mains Powered, 75+2 Pcs Warm Whit"
Ama-B0B9RBLBQS-40,55.99,1,2026-06-11 10:20,"JSAUX Steam Deck Dock 4K@120Hz(6-in-1), Docking Station for "
Ama-B0BFWJBKW3-10,26.97,1,2026-03-17 21:49,"ACWOO Foot Scrubber for Shower, Foot Cleaner Massager Mat wi"
Ama-B0BJYZCKQV-9,16.95,1,2026-03-19 21:41,"SEGNAYEN Shepherds Hooks for Garden Lights, 81cm / 31.9in Sh"
Ama-B0BK7Z259G-9,19.99,1,2026-03-17 22:18,"Cuticle Trimmer with Cuticle Pusher and Cuticle Nipper, 3 Pc"
Ama-B0BK81Q817-23,45.99,1,2026-03-17 22:03,"Lifewit 100L Laundry Basket with Lid, Clothes Hampers for La"
Ama-B0BK8QWHYD-70,109.99,1,2026-02-28 07:19,"Smoothie Maker, ***W Food Blender with 10 Speeds Control, 2"
Ama-B0BKG5WGMF-20,39.00,1,2026-03-17 22:01,"Lifewit 95L Clothes Storage Bags Large Storage Box With Lid "
Ama-B0BKLTD22F-7,19.20,1,2026-03-17 21:58,"Long Handled Back Body Scrubber with Exfoliating Double Side"
Ama-B0BL383FJ1-25,44.99,1,2026-06-11 11:59,"Bike Helmet for Men and Women, Lightweight Cycle Helmet with"
Ama-B0BL3R1GQG-10,18.48,1,2026-03-10 06:54,"ADMITRY 5 Rolls Zinc Oxide Tape,3.8cm x 10m Athletic Tape,Sp"
Ama-B0BLZ8WMG6-6,16.99,1,2026-06-13 06:57,"Ram? Heavy Duty Weed Fabric Control 2M X 5M Weed Control Fab"
Ama-B0BMLPN1Y4-26,43.49,1,2026-06-11 05:19,"VOLTRX Shaker Bottle, Gallium USB C Rechargeable Electric Pr"
Ama-B0BNZZ8ZDW-4,9.97,1,2026-03-18 21:58,"Yikki Lunch Bags for Women Men, Reusable Insulated Leakproof"
Ama-B0BPBCFGMM-10,19.99,1,2026-03-29 11:22,"Self Adhesive Toilet Paper Holder with Phone Shelf, Screw-in"
Ama-B0BPLT37N8-41,69.99,1,2026-06-11 14:28,"21V Cordless Strimmer, Telescopic Lightweight Grass Trimmer "
Ama-B0BR3F8FQL-55,91.00,1,2026-06-13 05:11,"Enventor Oscillating Multi Tools, 300W 15000-2*** OPM Elect"
Ama-B0BWK977CM-15,29.99,1,2026-05-14 07:57,"(Default) Kids Double Cereal Dispenser Kitchen Dry Food Stor"
Ama-B0BWN8W36B-20,39.99,1,2026-03-02 09:24,"Polar Gear Portable Booster Seat with Matching Place Mat – B"
Ama-B0BXSN12V3-21,44.99,1,2026-03-13 21:45,"Creahaus 12in 3 Layer Multipurpose Storage Box/Craft Storage"
Ama-B0BY7MF25V-35,69.99,1,2026-03-19 21:02,"GrillTough Heavy Duty BBQ Grill Cover for Outdoor Grill ? Wa"
Ama-B0BYMN9Z6P-20,39.99,1,2026-04-13 06:34,"LIPWEL Outdoor Extension Lead 10m, 13A Heavy-Duty Power Cabl"
Ama-B0BYWS99KL-6,15.99,2,2026-05-12 14:28,"Shower Drain Trap Cover Replacement Plughole Cover 115mm Plu"
Ama-B0BZNZ6LF4-8,16.18,1,2026-06-13 06:22,"Navani Kitchen Tongs | 9 & 12 Inch Silicone Tip Tongs | Non "
Ama-B0C1LHPKS1-90,131.00,1,2026-06-11 10:34,"Raycon Fitness Bluetooth True Wireless Earbuds with Built in"
Ama-B0C1LL495Z-90,131.00,1,2026-06-11 10:32,"Raycon Fitness Bluetooth True Wireless Earbuds with Built in"
Ama-B0C2H652ZJ-20,28.20,1,2026-06-11 06:17,"AstroAI Tyre Inflator Air Compressor 12V DC, Car Accessories"
Ama-B0C4GZMKXZ-40,66.99,1,2026-06-11 06:20,"AstroAI Tyre Inflator Portable Air Compressor DC 12V, Fast I"
Ama-B0C4SLDQ8W-60,119.89,1,2026-06-11 08:15,"Toaster 4 Slices, Cusimax Stainless Steel Toaster with Ultra"
Ama-B0C5J97VZM-36,69.99,1,2026-03-02 10:31,"Saker Honing Guide with Whetstone - Red Off-Center Upgraded "
Ama-B0C6TGF13Z-64,105.01,1,2026-08-08 09:23,"KOORUI 24 Inch Gaming Monitor -FHD 1080P Curved Monitor 165H"
Ama-B0C7QS9G9D-40,79.99,1,2026-03-10 08:07,"VGR Professional Dog Clippers - Cordless Pet Grooming Kit fo"
Ama-B0CC1S7SPC-34,51.99,1,2026-06-11 06:31,"Power Drill Cordless: DEKOPRO Pink Cordless Drill 20V Electr"
Ama-B0CCPM3PJ9-10,19.75,1,2026-03-12 09:30,"Telescopic Folding Fishing Landing Net, 1.5m Pole Collapsibl"
Ama-B0CCYNFC9K-91,149.99,1,2026-07-25 07:38,"Manhattan T4 Freeview Play 4K TV Box, Black"
Ama-B0CDQGL81N-36,58.50,1,2026-02-21 11:34,"AQUALONA Luxury Duroplast Toilet Seat – Incredibly Strong an"
Ama-B0CF489LLW-27,42.39,1,2026-06-10 13:03,"BOBLOV 007 Small Body Cameras, 64GB 1080P Portable Pocket Ti"
Ama-B0CH8K1L8C-45,100.99,1,2026-06-11 06:46,"Panana Foldable Weight Bench Adjustable Strength Training Fi"
Ama-B0CHJ8N8MF-41.99,64.21,1,2026-06-11 11:18,"Gelielim Portable CD Player Boombox with Bluetooth, AM/FM Ra"
Ama-B0CHMLXMX2-30,79.99,1,2026-06-11 08:29,"Smart Watch for Women, 1.91" HD Fitness Watch with LED Flash"
Ama-B0CHMLYSFT-24,79.99,1,2026-06-11 08:27,"Smart Watch for Men Women, 1.91" HD Fitness Watch with LED F"
Ama-B0CHPJ2XTC-40,75.90,1,2026-06-11 09:44,"Armfit HULK Smart watch with AMOLED Always On Display Smartw"
Ama-B0CHRPTXBJ-49.99,60.12,5,2026-07-03 12:22,"AstroAI Mini Fridge 6 Litre / 8 Can | Cooler and Warmer | AC"
Ama-B0CHRPTXBJ-50,99.99,1,2026-05-23 09:38,"AstroAI Mini Fridge 6 Litre / 8 Can  Cooler and Warmer  AC/D"
Ama-B0CJ99SVBV-26,39.99,1,2026-03-17 22:04,"Lifewit 100L Laundry Basket with Lid, Clothes Hampers for La"
Ama-B0CJF94M8J-9,19.99,2,2026-05-12 14:28,"Air Fryer Oil Sprayer Bottle 16oz 2 in 1 Olive Oil Spray Dis"
Ama-B0CJYCF9PJ-60,92.01,1,2026-06-11 10:26,"Sonnics 1TB White External Portable Hard drive type C USB 3."
Ama-B0CKNY1Y2H-46,70.99,1,2026-02-21 07:52,"ALPHA CAMP Camping Chairs for Adults Heavy Duty Camping Chai"
Ama-B0CL226RP1-30,59.99,1,2026-06-13 05:51,"ODK 100×48 cm Desk, Small Computer Desk for Home Office, Stu"
Ama-B0CM3GCLL4-50,64.99,1,2026-06-11 07:36,"Leebein Electric Spin Scrubber, Upgraded Electric Scrubber f"
Ama-B0CM5NMG65-40,84.99,1,2026-02-28 09:25,"Tool Kit: DEKO Drill Set with Cordless Drill, Tool Kit Set B"
Ama-B0CMCPDY1Z-24,34.40,1,2026-06-11 11:33,"COSLUS Water Dental Flosser for Teeth Cordless: Portable Ora"
Ama-B0CMCPY4VG-18,39.99,1,2026-06-11 07:48,"GameSir Nova Lite 2.4g Wireless Controller for Windows PC, i"
Ama-B0CMCQ6WMC-20,39.99,1,2026-06-11 07:52,"GameSir Nova Lite 2.4g Wireless Controller for Windows PC, i"
Ama-B0CN6FYFVG-9,19.04,5,2026-07-15 13:11,"Silicone Air Fryer Liner 2 Pack for 7.6L 8L 9L 9.5L Baskets,"
Ama-B0CP9H1SWB-50,76.89,1,2026-06-11 07:38,"2L+1.8L 600W Electric Food Processors & Chopper with Glass C"
Ama-B0CPS9ZTPP-89.99,129.99,1,2026-08-31 11:13,"ZOSHING 14" Small 1080P screen TV with freeview Reception an"
Ama-B0CPS9ZTPP-90,110.99,1,2026-08-10 11:42,"ZOSHING 14" Small 1080P screen TV with freeview Reception an"
Ama-B0CQ2Y79L9-90,111.53,5,2026-07-13 09:36,"Russell Hobbs Stainless Steel Microwave 20 Litre 800W Solo M"
Ama-B0CQX9KR18-105,158.99,1,2026-08-08 10:05,"27 Inch 280Hz Curved Gaming Monitor, Full HD 1080P 1800R Fra"
Ama-B0CQX9KR18-105.99,149.99,1,2026-08-08 10:00,"CRUA 27 Inch 180Hz/200Hz Curved Gaming Monitor, FHD 1920 * 1"
Ama-B0CRHB6FBZ-46,69.99,1,2026-06-11 10:29,"Smart Watch for Women, Answer/Make Calls, Alexa Built-in, [1"
Ama-B0CSDGV8HC-15,24.99,1,2026-06-13 05:04,"Electric Drill Screwdriver, 49 in 1 Portable Cordless Screwd"
Ama-B0CSJWVYJZ-139.99,229.99,1,2026-07-16 06:33,"Litheli Cordless Lawnmower, 20V/33cm Cutting Width, Brushles"
Ama-B0CSPBJ1W9-76,126.99,1,2026-04-14 08:14,"Minifire 24 Inch 160Hz Gaming Monitor, Full HD 1080p Fast IP"
Ama-B0CT2B68TM-17,39.99,1,2026-06-13 06:26,"SATC 115mm Cutting Discs 50-Peice for Angle Grinder Durable "
Ama-B0CT2RN5VJ-30,69.99,1,2026-02-21 10:38,"YEAKOO Vintage Round Side Table,3-Tier Slim Waist End Table "
Ama-B0CT8PGZHW-68,135.99,1,2026-03-19 22:39,"GKU 4K Dash Cam Front and Rear, 5GHz WiFi GPS, Dual Car Came"
Ama-B0CT8SBQC7-6,14.99,1,2026-03-13 22:35,"woric Birthday Wrapping Paper, 8 Sheets Kraft Gift"
Ama-B0CV7SD9S1-20,49.99,1,2026-06-13 07:00,"Miracle-Gro PEAT FREE Premium All Purpose Compost, 75 litre"
Ama-B0CWP55Z6K-27,46.47,1,2026-06-11 06:26,"Power Drill Cordless: DEKOPRO 20V Cordless Drills Driver Ele"
Ama-B0CWPQXRKY-21,49.99,1,2026-06-11 08:09,"bella 2 Slice Toaster with Auto Shut Off, Extra Wide Slots &"
Ama-B0CXGYNS6Z-19,39.99,1,2026-06-11 13:01,"28 inch Artificial Plant Areca Palm Tree Fake Palm Tree in P"
Ama-B0CY2JFWNV-50-33,89.99,1,2026-06-11 06:36,"Hand Held Steam Cleaner, Portable Steam Cleaners, Steam Clea"
Ama-B0CZ8XD32D-38,61.99,1,2026-06-11 08:21,"Metal Blade Cordless Strimmer 21v Grass Trimmers With 16 Bla"
Ama-B0CZNWKV25-83,69.65,5,2026-08-04 10:18,"COOLHOOD Portable Monitor 15.6'', 1080P FHD Plug&Play Travel"
Ama-B0CZRYNLM3-80-73,115.97,1,2026-06-11 10:09,"Yaheetech Outdoor Fire Pit 81cm Square Fire pits 3-in-1 Heat"
Ama-B0D1N59VSM-30,79.99,1,2026-06-11 08:28,"Smart Watch for Men Women, 1.91" HD Fitness Watch with LED F"
Ama-B0D1VRX7V5-55,72.96,1,2026-06-11 07:56,"Russell Hobbs Steam Iron - Copper Infused soleplate, 150g St"
Ama-B0D1Y21DVR-40,79.99,1,2026-06-11 06:45,"Wireless Tattoo Pen Kit - Professional Cordless Tattoo Gun w"
Ama-B0D2WVTPVT-32,50.99,1,2026-03-17 21:29,"vamei Newborn Baby Gifts Baby Hamper Set with Baby Box Blank"
Ama-B0D31ZN4TD-285,389.99,1,2026-08-10 08:11,"Cello C3224WSF 12 Volt 32 inch Traveller Smart Frameless TV "
Ama-B0D37P385T-46,63.97,1,2026-06-11 05:57,"(Pressure Washer(2 Batteries)) Cordless Pressure Washer,21V "
Ama-B0D3LDD6PR-269,359.99,1,2026-08-03 08:05,"50 Inch 4K UHD QLED Smart Roku TV | HDR10 & HLG, Dolby Audio"
Ama-B0D4M7TD4X-15,40.97,1,2026-03-24 09:11,"EooCoo Mouse Pad Wrist Support with Massage Design, Ergonomi"
Ama-B0D563HKX6-16,31.99,1,2026-03-25 11:20,"MANGOTIME Spray Mops for Cleaning Floors - Microfiber Floor "
Ama-B0D5D3CKLD-26,44.47,1,2026-06-11 05:21,"Electric Protein Shaker Bottle, Mixer Cup for Shakes and Mea"
Ama-B0D5LW3L8M-170,239.99,1,2026-08-08 10:13,"34 Inch Ultrawide Curved 144Hz Gaming Computer Monitor 1500R"
Ama-B0D5R31F2P-24,33.01,1,2026-03-24 11:17,"Magnetic White Board Dry Wipe 90 x 60 cm Aluminium Frame Whi"
Ama-B0D7CRVRXN-50,89.97,1,2026-06-11 07:42,"Russell Hobbs Hand Blender [3-in-1 Hand Mixer] Electric Chop"
Ama-B0D81DY4J7-27,58.99,1,2026-06-11 06:30,"Power Drill Cordless: DEKOPRO Pink Cordless Drill 20V Electr"
Ama-B0D81MXY4N-379,539.99,1,2026-08-13 18:24,"TCL PF650K 65" 4K HDR PRO Smart Fire TV with Freely - 65PF65"
Ama-B0D842YXXH-4,39.99,1,2026-06-13 06:38,"OSRAM ULTRA LIFE P21/5W halogen signal lamp, brake light, re"
Ama-B0D86P8W12-12,23.99,1,2026-04-11 07:41,"LP-E10 Battery Charger LC-E10C LC-E10 LC-E10E Charger Compat"
Ama-B0D96BYR28-1-100,189.99,1,2026-06-10 12:16,"Office Chair - Ergonomic Desk Chair with Lumbar Support Head"
Ama-B0D976RJFV-40,79.99,1,2026-07-23 13:20,"Mens Hair Clippers and Trimmers Set, Professional Cordless B"
Ama-B0D9GS6VPK-119,219.09,1,2026-07-24 14:00,"30L Air Fryer Oven XXL with Rotisserie, Mini Oven with 20 Pr"
Ama-B0D9JGMZ85-32,57.99,1,2026-06-11 11:41,"Tooth Polisher Plaque Remover for Teeth, Teeth Stain Remover"
Ama-B0D9JK4SW9-36,69.99,1,2026-07-30 08:21,"Smart Watch for Kids, 1.8" Fitness Tracker Watch with Pedome"
Ama-B0D9VCPTH5-34,67.99,1,2026-04-27 07:19,"Beinilai Collapsible Foot Spa and Massager with Heater and B"
Ama-B0DBPX1K7F-109-94,149.99,1,2026-08-08 08:34,"Minifire 27 Inch Curved Monitor, USB-C 100Hz Computer Monito"
Ama-B0DBPX1K7F-94-109.99,149.99,1,2026-08-10 12:03,"Minifire 27 Inch Monitor, USB Type-C Port, 100Hz Curved Moni"
Ama-B0DBQ1CTL2-62,99.99,1,2026-09-08 13:12,"Minifire 24 Inch 180Hz Gaming Monitor Full HD 1080p HDMI & D"
Ama-B0DBQ1CTL2-66,91.99,1,2026-08-08 09:47,"Minifire 24 Inch Gaming Monitor 180Hz 1Ms FreeSync HDR 110% "
Ama-B0DBQ1CTL2-70,79.99,5,2026-08-03 08:26,"Minifire 24 Inch 180Hz Gaming Monitor Full HD 1080p HDMI & D"
Ama-B0DBZK9NLX-55,109.99,1,2026-04-25 15:47,"Beinilai Collapsible Foot Spa and Massager with Heater and T"
Ama-B0DC9NRKXN-36,69.99,1,2026-07-30 08:06,"Kids Smart Watch No Phone Needed, 1.8" Fitness Tracker Watch"
Ama-B0DCBS46BC-130,210.99,1,2026-03-14 22:48,"Marsail Ergonomic Office Chair: Computer Desk Chair with Hig"
Ama-B0DCTLJ19C-36,69.99,2,2026-07-30 07:47,"Kids Smart Watch No Phone Needed, 1.8" Fitness Tracker Watch"
Ama-B0DCTLMHT3-36,69.99,1,2026-07-30 07:56,"Kids Smart Watch No Phone Needed, 1.8" Fitness Tracker Watch"
Ama-B0DCVZDNGQ-46,85.49,1,2026-06-11 10:04,"Bluetooth Speaker, Portable Wireless Outdoor Speaker with LE"
Ama-B0DF1V1ZKH-20,39.99,1,2026-03-17 22:00,"Kitsure Dish Drying Rack- Space-Saving Dish Rack, Dish Racks"
Ama-B0DFWZQ1TQ-299,459.99,1,2026-09-08 12:43,"electriQ 12kg Washing Machine 1400rpm Steam Quick Wash Inver"
Ama-B0DGGH8KN1-22,35.31,1,2026-06-10 11:12,"KDD Headset Stand with Charging Station - Detachable Headset"
Ama-B0DHCX145R-60,114.65,1,2026-06-13 05:12,"Supstable Mini Chainsaw 6 Inch, Electric Chainsaw Cordless, "
Ama-B0DHNP8D5Y-65,108.99,1,2026-04-14 07:44,"KOORUI E2412F 24 Inch FHD Monitor, Gaming 100Hz, VA Computer"
Ama-B0DHPPS74T-20,33.97,1,2026-03-17 21:51,"Magicwipe Bathroom Drying Cloth XXL (4060 cm, 2 Pack) – Remo"
Ama-B0DHTKKXDM-34,55.50,1,2026-03-16 22:24,"Baby Nest Pod for Newborn, Baby Lounger for 0-12 Months Boys"
Ama-B0DJ2938PL-16,25.99,1,2026-06-11 05:54,"Uineer Mouse with Cable, Ergonomic Design, Up to 7200 DPI Ad"
Ama-B0DJ8G59KY-15,29.95,1,2026-02-21 11:12,"INSFIT 17 Pack Travel Bottles for Toiletries, CAA Approved T"
Ama-B0DK51D58T-90,179.99,1,2026-04-17 13:44,"Uliyati Single Mattress Memory Foam Mattress, Breathable Mat"
Ama-B0DMDZW5BJ-129,195.09,1,2026-07-24 13:58,"Instant Pot - Vortex Dual Black Air Fryer - Large 8L, Family"
Ama-B0DMFBHZX8-27,59.96,1,2026-06-11 06:47,"HZG Desktop Punching Bag, Stress Buster with Suction Cup for"
Ama-B0DMNLVQWQ-30,59.99,1,2026-03-30 08:04,"Keepro 3 in1 Wireless Charging Station for iPhone Magnetic P"
Ama-B0DMNVPVRD-60,90.98,1,2026-06-11 07:35,"Leaf Blower Cordless with 2X3000mAh Battery and Charger Elec"
Ama-B0DP7P2RZL-80,103.21,5,2026-08-04 09:49,"KOORUI 24 Inch Gaming Monitor, 200Hz, Fast IPS, HDR 400, 1ms"
Ama-B0DPM31FH8-275,389.99,1,2026-07-15 13:09,"TCL 55V6C-UK 55" 4K Ultra HD, HDR TV, Smart TV Powered by Go"
Ama-B0DQTBFCRW-100,170.98,1,2026-06-11 06:11,"L Shaped Coleshome Gaming Desk with LED Lights & Power Outle"
Ama-B0DQTSDLBW-100,139.99,1,2026-06-11 06:09,"L Shaped Coleshome Gaming Desk with LED Lights & Power Outle"
Ama-B0DRF8WVGY-18,34.07,1,2026-06-11 08:03,"UOHHBOE Portable Bluetooth Speaker with 20W Loud Stereo Soun"
Ama-B0DS29D5XM-56,89.99,1,2026-06-11 08:26,"Smart Watch for Men Women, AMOLED Ultra-Clear Screen Activit"
Ama-B0DSJ4CQ26-40,78.20,1,2026-06-11 09:43,"Blackview Military Smart Watch for Men (Answer/Make Calls), "
Ama-B0DSZRGR9N-6,12.20,1,2026-06-10 13:05,"USB C SD Card Reader, Type C Card Reader with Dual Slot Memo"
Ama-B0DVTJK213-149,289.97,1,2026-07-24 13:50,"10.4L Air Fryer with 2 x 5.2L Drawers |PFAS Free|Chemical-fr"
Ama-B0DW7PTK6S-53,84.99,1,2026-06-11 05:40,"21V Cordless Pressure Washer, 120 Bar Cordless Power Washer,"
Ama-B0DW8P6BCG-279,369.99,1,2026-08-19 10:39,"TCL 50T6C-UK 50 Inch QLED 4K HDR TV, Fire TV (Smart TV with "
Ama-B0DW8P6BCG-279.99,389.99,1,2026-08-19 10:46,"TCL T6C 50" 4K Ultra HD QLED Smart Fire TV [2025] - 50T6C-UK"
Ama-B0DW8P6BCG-299,389.99,1,2026-08-10 08:20,"TCL 50T6C-UK 50 Inch QLED 4K HDR TV, Fire TV (Smart TV with "
Ama-B0DW8PXV62-446,599.99,1,2026-08-19 09:31,"TCL T6C 65" 4K Ultra HD QLED Smart Fire TV [2025] - 65T6C-UK"
Ama-B0DW8PXV62-499,599.99,1,2026-08-10 09:12,"TCL 65T6C-UK 65 Inch QLED 4K HDR TV, Fire TV (Smart TV with "
Ama-B0DW8PZCHX-379,489.99,1,2026-08-10 08:31,"TCL 55T6C-UK 55 Inch QLED 4K HDR TV, Fire TV (Smart TV with "
Ama-B0DWFMYCFF-106,144.99,1,2026-09-08 13:35,"Minifire 25 Inch 300Hz Gaming Monitor, FHD 1080p Fast IPS HD"
Ama-B0DWSNB9YY-35.95,53.99,1,2026-06-11 05:38,"6IN1 Cordless High-Pressure Washing Water Gun Car Jet Washin"
Ama-B0DX76CJ34-16,31.99,1,2026-06-11 07:04,"Hy-Pro UEFA Champions League Football, Size 5, Officially Li"
Ama-B0DXKKXXDL-7,14.99,1,2026-03-24 09:39,"Snyeest Cover Compatible for Oura Ring 4/Ring 4 Ceramic/Ring"
Ama-B0DXKVS4CZ-48,71.01,1,2026-07-30 13:51,"Ortizan 40W Bluetooth Speaker X8Pro with Voice Assistant, 30"
Ama-B0DXXYS4BJ-33,65.99,1,2026-04-11 11:34,"Roku Streaming Stick 2025  HD Roku Streaming Device for TV w"
Ama-B0DXZS7VS5-100,179.99,1,2026-04-14 07:55,"KTC 27 Inch Monitor 1440P, QHD 2K@100Hz IPS PC Monitor, Ultr"
Ama-B0DXZS7VS5-99,139.99,1,2026-08-10 11:56,"KTC 27 Inch Monitor 1440P, QHD 2K@100Hz IPS PC Monitor, Ultr"
Ama-B0DY186WPT-170,232.25,5,2026-06-30 08:15,"KTC 32 Inch Curved Gaming Monitor, Full HD 1080P 240Hz Monit"
Ama-B0DYDDNJJM-27,40.98,1,2026-06-11 06:18,"AstroAI Car Tyre Inflator Air Compressor, USB Rechargeable B"
Ama-B0DYJL4Y3D-120,180.63,5,2026-08-03 10:46,"Amzfast 27 inch Curved Gaming Monitor, 240Hz, Full HD 1920x1"
Ama-B0DYJTB5JN-222,322.57,5,2026-08-03 11:07,"Amzfast 34 Inch Ultrawide Curved Gaming Monitor, 3440x1440 W"
Ama-B0DYNG1NTR-36,80.05,1,2026-06-11 05:42,"Housiwill Cordless Pressure Washer, 300W Portable Battery Pr"
Ama-B0F1FBZSR2-50,73.99,1,2026-06-11 07:45,"Dryhsip Hair Dryer Brush, 5-in-1 Hot Air Brush, Blow Dryer &"
Ama-B0F26DNSGB-100,169.99,1,2026-06-10 11:00,"SVITOO Android 16 Tablet 11 Inch with Gemini AI, 20GB RAM 12"
Ama-B0F26XNYSP-70,90.96,1,2026-06-11 05:41,"Cordless Pressure Washer 1***mAh Battery, Cordless Jet Wash"
Ama-B0F2FPN3W3-80,115.99,1,2026-06-11 10:22,"Single Din Car Stereo with Touchscreen (6.9") Compatible wit"
Ama-B0F3223F7F-53,85.96,1,2026-06-10 10:56,"VASOUN 10 Inch Tablet with Case, Tablet PC Android 14 with 4"
Ama-B0F38C14M2-149.99,239.99,1,2026-08-08 12:12,"27 Inch 2K 1440p Curved Gaming Monitor, 180Hz VA Panel with "
Ama-B0F3DK5P31-42,76.86,1,2026-06-20 06:31,"Tefal Pure Pop Slim Handheld Clothes Steamer, No Ironing Boa"
Ama-B0F4DM96FD-25,44.00,1,2026-06-11 06:25,"Electric Jigsaw Tool: DEKOPRO 400W Power Jig Saws"
Ama-B0F4JDPXZ9-45,75.95,1,2026-06-11 05:46,"EVOKRYL Aero X1 Metal Blade Cordless Strimmer 21v Grass Trim"
Ama-B0F5Q422BV-34,67.98,1,2026-06-11 08:26,"Smart Watch for Men Women,Answer/Make Call, 1.43 AMOLED Alwa"
Ama-B0F673FZ2W-200,254.99,1,2026-04-28 13:07,"AMEELA Smart 4K Projector 30000 Lumens 1080P Portable Movie "
Ama-B0F7HSY7V1-50,79.99,2,2026-06-11 12:54,"Weed Killer 4x 5L Ready to Use Fast Acting Weed Killer Spray"
Ama-B0F7XQM5N8-30,89.79,1,2026-06-11 08:24,"Rotary Tattoo Machine Kit with 10pcs Cartridges NeedlesDigit"
Ama-B0F8BZ9XZB-40,69.99,1,2026-06-11 11:14,"Gueray Portable CD Player Boombox Home Audio CD Players with"
Ama-B0F8HFLNQG-10,18.00,1,2026-03-12 12:26,"Lifewit Cutlery Drawer Organiser, Extendable Cutlery Tray, 7"
Ama-B0F8QHNMBJ-83,165.99,1,2026-03-25 08:25,"OlarHike King Size Airbed, Inflatable Mattress, Air Bed with"
Ama-B0F8QPSS1H-33,53.97,1,2026-06-11 06:01,"Android 14 TV Box, 2025 Android TV Boxes RK3518 with Quad-Co"
Ama-B0F9PP6BKT-139,178.06,5,2026-06-30 06:31,"TCL 32SF560-UK 32 inch Full HD QLED Direct LED Smart TV with"
Ama-B0FCFKCFC4-30,55.99,1,2026-05-14 09:54,"Power Bank 60000mAh 22.5W Fast Charging Portable Charger USB"
Ama-B0FDQVKM4N-49,99.99,1,2026-06-10 11:56,"Rongta Thermal Portable Printer Wireless for Travel, F82 Ink"
Ama-B0FDWBMWY3-210,329.99,1,2026-04-28 13:21,"Smart 4K Projector,1200ANSI FHD 1080P Portable Projector,HDR"
Ama-B0FF4TR48M-50,99.50,1,2026-04-17 08:14,"Gamrombo RGB Wireless Controller for PS5/Pro/Slim & PCs, Blu"
Ama-B0FFBF57VV-189,349.99,1,2026-09-09 07:01,"Modern Dining Room Chairs Set of 6 Faux Leather High Back Pa"
Ama-B0FFBH9P97-229,359.99,1,2026-09-09 09:37,"Modern Dining Room Chairs Set of 6 Faux Leather High Back Pa"
Ama-B0FGJ89XRN-40,65.99,1,2026-06-11 11:13,"Gueray Portable CD Player Boombox Home Audio CD Players with"
Ama-B0FGXL576N-8,27.99,1,2026-06-13 07:13,"Power Bank ***0mAh, PD3.0 QC4.0 22.5W Fast Charging PD20W U"
Ama-B0FH5DP244-13,21.01,1,2026-06-11 13:57,"Heavy Duty Long Handle Scraper Tool Floor & Wallpaper Remova"
Ama-B0FH6GP3K5-10,19.99,1,2026-03-19 21:53,"150 PCS Luminous Resin Animals Mixed, Glow in The Dark Mini "
Ama-B0FHBMDCTW-25,44.99,1,2026-06-11 08:20,"Power Bank with Built-in Cables 10000mAh,Slim Portable Charg"
Ama-B0FHKNRNGB-80,125.96,1,2026-06-10 10:57,"10" Android 15 tablet: 24 GB RAM + 128 GB ROM (1 TB max), Oc"
Ama-B0FHNQ3H5D-129,189.99,1,2026-09-08 13:23,"Minifire 27 Inch Gaming Monitor 200Hz 2K QHD 2560x1440 Rapid"
Ama-B0FJFDFP4P-159.99,259.99,1,2026-08-08 12:00,"32 Inch Curved Gaming Monitor - 240Hz, Full HD 1920x1080P, 1"
Ama-B0FJFDFP4P-160,225.79,5,2026-08-03 10:56,"Amzfast 32 Inch Curved Gaming Monitor - 240Hz, Full HD 1920x"
Ama-B0FJMKVMYY-99,169.99,1,2026-08-11 06:45,"HONOR Pad X7 8.7" 4GB RAM 64GB ROM Qualcomm Snapdragon 680 A"
Ama-B0FK9YCDQM-14,19.99,1,2026-03-19 21:17,"2 Pack 272L Large Garden Bag with Handles, Heavy Duty Garden"
Ama-B0FKG9RQNN-116,159.99,1,2026-08-08 09:54,"27 Inch 180Hz/200Hz Curved Gaming Monitor, FHD 1920 * 1080P "
Ama-B0FL1TPY95-24,33.08,1,2026-06-11 07:22,"Cordless Pressure Washer, 21V 1500W Portable Pressure Washer"
Ama-B0FLKBWJQ2-10,22.99,1,2026-03-16 22:17,"PCM - Car Floor Mats for Universal Car or Van Tailored Heavy"
Ama-B0FLTKLV6W-43,72.99,1,2026-06-11 06:44,"Cordless Tattoo Machine Kit with 20 Tattoo Cartridge Needles"
Ama-B0FMRJP9R7-70,115.00,1,2026-08-08 10:08,"24 Inch Computer Monitor, PC Gaming Monitors 144Hz, 5ms, FHD"
Ama-B0FMXT2LFJ-20,32.60,5,2026-06-22 13:45,"Lady Shavers for Women 3-in-1,Bikini Trimmer Woman IPX7 Wate"
Ama-B0FMXT2LFJ-24,31.26,5,2026-06-23 05:20,"Lady Shavers for Women 3-in-1,Bikini Trimmer Woman IPX7 Wate"
Ama-B0FNLCG47B-20,37.99,1,2026-06-11 14:02,"24 in 1 Magnetic Screwdriver Set Premium Ratchet Screwdriver"
Ama-B0FNW55KB5-30,50.82,1,2026-06-13 05:09,"DEKOPRO Oscillating Multi Tools 300W: 3000-2*** RPM Electri"
Ama-B0FPC87X5K-25,43.99,1,2026-06-11 11:39,"Teeth Whitening Powder PAP+ 50g - Effective Teeth Whitening "
Ama-B0FPFRPGTH-170,269.99,1,2026-08-08 09:18,"32 Inch Curved Gaming Monitor 240Hz, 1800R PC Monitor Full H"
Ama-B0FPLNG5R3-120,259.99,1,2026-08-08 10:17,"28 inch UHD 4K computer monitor, IPS Ultra HD (3840×2560p) s"
Ama-B0FPQVVY35-70,101.97,1,2026-06-11 07:12,"2500W Handheld Steam Cleaner, 6-Speed Portable Steamer with "
Ama-B0FQ5MWHY7-140,233.99,1,2026-04-11 15:14,"Tablet Android 15 Octa Core 10 Inch 30GB RAM + 128GB ROM (2T"
Ama-B0FRSPZVT5-99,159.99,1,2026-08-11 06:17,"HONOR X5c Plus Unlocked Smartphone   6.74" 90Hz Vivid Displa"
Ama-B0FS1DGWDJ-100,144.04,1,2026-04-14 08:07,"Gawfolk 27 inch IPS 2K QHD (2560×1440) Computer Monitor 75Hz"
Ama-B0FSKDQF59-50,88.99,1,2026-06-11 06:40,"Earbay Wireless Headset,Bluetooth Headset with USB Dongle an"
Ama-B0FSL2QK9Q-22,89.99,1,2026-06-11 09:40,"Tattoo Machine Kit for Beginners Wireless Rotary Tattoo Kit "
Ama-B0FV71T43H-140,229.97,1,2026-04-11 13:16,"Oangcc 2026 Android 15 Tablet 10 Inch, 30GB RAM+128GB ROM  T"
Ama-B0FV7QHSYY-90,138.97,1,2026-04-11 15:10,"JUSYEA 2026 Tablet 10 Inch Android 15, 30GB RAM+128GB ROM/TF"
Ama-B0FVFW9CZS-229,315.99,1,2026-08-10 13:55,"TCL V5C 50" Full HD QLED Smart Android TV [2025]"
Ama-B0FVXFTC2M-50,129.99,2,2026-09-09 09:40,"Ergonomic Gaming Chair with Adjustable Height, Reclining Fea"
Ama-B0FWCDLTSV-140,234.99,1,2026-06-10 10:59,"Android 16 Tablet,11 Inch Tablet with 24GB RAM 128GB ROM,Oct"
Ama-B0FWZBVD2R-33,53.99,1,2026-06-13 05:18,"Hi-Spec 8V Cordless Drill Set & Home Tool Kit USB Rechargeab"
Ama-B0FX876YTK-27,69.98,1,2026-06-13 06:38,"Ipflin Tyre Inflator Air Compressor - Digital Car Tyre Pump "
Ama-B0FY3LPHGP-18,38.99,1,2026-06-13 06:53,"LONDON MOTH KILLER-10 (TEN) Premium Sticky Pheromone Moth Tr"
Ama-B0FY6D8HSN-21,34.40,1,2026-06-13 05:34,"Power Bank Fast Charging, 15000mAh Portable Charger with Bui"
Ama-B0G39ZKTTY-21,49.90,1,2026-06-11 09:45,"Smart Watch for Men Women,1.91" HD Waterproof Fitness Watche"
Ama-B0G62D7D84-39.99,79.99,1,2026-07-25 12:11,"Blink Wired Doorbell 2K+ (newest gen) Head-to-Toe 2K video d"
Ama-B0G6481N51-23,39.99,1,2026-06-13 05:41,"Power Bank 27,000mAh Fast Charging 22.5W, QC 4.0 USB C Input"
Ama-B0G6ZSHZ85-41,83.99,1,2026-07-16 06:48,"Cordless Strimmer with 2x2.0Ah Batteries, 750W"
Ama-B0G7SJCRTL-11,24.73,1,2026-03-17 21:59,"Insulated Shopping Bag 20L Capacity Black Foldable Cooler Ba"
Ama-B0G81CC65M-19,39.99,1,2026-06-13 05:42,"Power Bank ***0mAh with Built in 3 Cable, 22.5W Fast Chargi"
Ama-B0G8FHB3X9-35,68.90,1,2026-06-11 05:59,"Android TV Box 14.0 Media Player, RK3518 Quad Core Android B"
Ama-B0G8GVK32C-36,60.99,1,2026-06-11 09:46,"Smart Watch GPS, Answer/Make Call, 2.06"HD Screen Smartwatch"
Ama-B0G8VZ6FRK-9,22.99,1,2026-06-11 06:48,"SQHY Gymnastics Rings for Kids Home Exercise Rings Pull Up R"
Ama-B0G91NKG1K-40,79.99,1,2026-06-13 05:47,"ODK Desk with Reversible Storage Shelves, 100 x 48 cm Small "
Ama-B0GD6CGMWH-190,254.99,1,2026-08-08 09:51,"Gawfolk 34 Inch Ultrawide Curved Gaming Monitor, 1500R PC Sc"
Ama-B0GFDR9M2P-70,191.98,1,2026-06-11 10:21,"Thomson Go Cast 152 Streaming Dongle, 4K UHD Google TV, Voic"
Ama-B0GFNHKBGQ-249,449.99,1,2026-07-25 13:45,"Freestanding Gas Cooker 60cm with 62L Electric Oven, 4 Gas B"
Ama-B0GFWL92L1-9,29.50,2,2026-05-07 10:20,"Replacement Receipt Paper for SumUp Terminal , 10 Rolls"
Ama-B0GGN7Z8VX-11,17.08,1,2026-06-10 11:14,"TrendPlain 16oz/470ml Glass Olive Oil Sprayer for Cooking - "
Ama-B0GGYLR6PP-6,11.69,1,2026-03-18 22:04,"Fabsome Clothes Pegs for Washing Line, Pack of 20 Strong Gri"
Ama-B0GGZ2719Z-100,166.99,1,2026-06-30 07:07,"27 Inch Curved Gaming Monitor180Hz, FHD 1080p 1ms Response, "
Ama-B0GGZ2719Z-b100,138.99,1,2026-06-30 07:37,"ZovvJee 27 Inch Curved Gaming Monitor180Hz, FHD 1080p 1ms Re"
Ama-B0GHP139W4-299,579.99,1,2026-08-03 07:20,"LG UHD UA75 50 inch 4K Smart TV - 50UA75006LA (α7 AI Process"
Ama-B0GJ3VKRGJ-90,149.99,1,2026-06-04 09:19,"Cordless Strimmer 21V Electric Grass Trimmer with 2x2.0Ah Ba"
Ama-B0GJ5RCRGF-359,459.99,1,2026-08-03 07:26,"50 inch 4K Smart TV, QLED TV, Roku TV, 4K UHD, HDR10 HLG, Do"
Ama-B0GJRP35KJ-25,94.99,1,2026-06-11 05:45,"TRAUSI 1080P HD Webcam with Microphone, Noise Cancellation, "
Ama-B0GJSPH6K3-36,79.99,1,2026-05-14 08:26,"Beser Ultrasonic Retainer Cleaner, 2X Clean, 4X Sterilize, D"
Ama-B0GL921KL1-599,799.99,1,2026-08-25 13:42,"TCL 50C7K-UK 50 Inch QD-Mini LED TV, 4K HDR Premium ***, Sm"
Ama-B0GLGB7PLC-30,59.99,1,2026-07-29 11:30,"Smart Watch for Men Women Answer/Make Call, 1.91" HD/SpO2/Sl"
Ama-B0GMPWTB2P-50,75.39,1,2026-06-11 08:22,"Digital Camera 4K 64MP Autofocus with 32GB SD Card, 2.8" Scr"
Ama-B0GMXWBGJS-299,359.99,1,2026-07-23 13:40,"Toshiba UF26 Fire 43" 4K Ultra HD LCD Smart Fire TV"
Ama-B0GMY6WZSM-249-349,429.99,1,2026-07-23 13:34,"Toshiba Fire 50" 4K Ultra HD  Smart Fire TV"
Ama-B0GQ6VLXFS-100,169.99,1,2026-06-10 10:58,"Android 15 Tablet, 10.4 inch Tablet, Android Tablets with Ke"
Ama-B0GQGWFC9S-80,129.99,1,2026-09-08 13:01,"KOORUI 24 Inch Gaming Monitor, 170Hz, Full-HD 1080P, VA"
Ama-B0GR87PVCV-110,183.99,1,2026-06-10 10:55,"Android 16 Tablet, 10.4 inch Tablet, 20GB RAM 64GB ROM(1TB T"
Ama-B0GR8QXFYB-60,99.89,1,2026-06-11 08:23,"Digital camera, 4K 64MP Compact Digital Camera with Autofocu"
Ama-B0GSQNQDJ4-139,199.99,1,2026-08-31 11:39,"Toshiba Fire 81.3 cm (32") HD Smart TV Black 250 cd/m²"
Ama-B0GTBD5DJZ-30,49.79,1,2026-06-11 14:09,"BLOSTM 100 Piece Tool Kit - Home Tool Set with Essential Han"
Ama-B0GTVR5RHH-229,329.99,1,2026-08-03 07:22,"LG UHD UA75 43 inch 4K Smart TV - 43UA75006LA (α7 AI Process"
Ama-B0GV3RGSYJ-60,199.99,1,2026-06-11 06:58,"FOOING Smart Music Boxing Machine with RGB Lights Wall Mount"
Ama-B0GWCTS11V-120,179.99,1,2026-08-11 10:46,"32 inch HD Smart TV, D-LED backlight Television, Borderless "
Ama-B0GXL9Y8B9-5,12.99,1,2026-04-10 10:33,"5 Pc Fitness Set of TPE Resistance Bands with Rubber Loops f"
Ama-B0GXWDH39L-20,39.99,1,2026-09-08 08:19,"42PCS Tattoo Machine Kit Motor Pen Complete Tattoo Gun with "
Ama-B0GY8WY2SR-24,43.99,1,2026-04-11 12:03,"4K Wireless HDMI Adapter, Plug & Play, 2.4/5 GHz Miracast Wi"
Ama-B0GYPF4VVX-90,139.99,1,2026-09-03 14:36,"24 Inch Gaming Monitor, 200Hz PC Monitor, Full HD 1920x1080 "
Ama-B0GYPWPJZJ-199,299.99,1,2026-09-03 14:57,"34 Inch Ultrawide Gaming Monitor, UWQHD 3440 x 1440 Curved P"
Ama-B0GYPWR3QC-100,159.99,1,2026-09-03 14:28,"27 Inch Curved Gaming Monitor, 180Hz PC Monitor, Full HD 192"
Ama-B0GYPWR3QC-170,259.99,1,2026-09-03 14:48,"27 Inch 4K Monitor, UHD 3840x2160 IPS Computer Monitor, PC D"
Ama-B0GZJWLC7P-10,19.99,1,2026-06-11 10:35,"Temporary Tooth Filling, 2PCS Tooth Filling Repair Kit, Toot"
Ama-B0GZPVKBN9-259,339.99,1,2026-07-23 06:24,"TCL 43V6D-UK 43 Inch 4K HDR, Fire TV, HDR10+, Dolby Atmos, D"
Ama-B0GZPZTD97-329,419.99,1,2026-07-23 06:46,"TCL 50V6D-UK 50 Inch 4K HDR, Fire TV, HDR10+, Dolby Atmos, D"
Ama-B0GZVMHTT8-190,269.99,1,2026-09-08 13:58,"KTC 31.5" Curved Gaming Monitor,1080P FHD, 240Hz H32C5"
Ama-B0GZWL2LBG-299,499.99,1,2026-07-23 13:30,"Shark CryoGlow LED Face Mask with Under-Eye Cooling, Anti-Ag"
Ama-B0H2Z1KPF7-28,39.99,1,2026-07-30 07:07,"Smartwatch for Men Women with ChatGPT AI Assistant, 1.39" HD"
Ama-B0H4ZBNHWZ-170,249.99,1,2026-08-11 07:51,"Lenovo Tab One Android Tablet | 8.7 inch HD Display | MediaT"
Ama-B0H843RPPK-27,49.99,1,2026-08-11 08:17,"HONOR Choice Earbuds X8i | IP54 dustproof | 5504AEDS | White"
AmaB0F8QYBWP5-11,22.00,1,2026-03-14 22:46,"Zumart Pack of 6 Sandwich Platter Trays With lids - Reusable"
Argos-771/5312-139,234.61,1,2026-09-11 11:07,"TCL SF560 32" Full HD QLED Smart Fire Freely TV [2025] - 32S"
BD-FG-QV-XY,599.99,1,2026-09-17 07:22,"Toshiba 65UV2F53DBU TV 165.1 cm (65") 4K Ultra HD Smart TV W"
Currys-B698103B-265,489.99,1,2026-08-06 07:48,"Toshiba UF3F 55 Inch Fire 4K HDR TV, TRU Picture Engine, HDR"
DJ-KN-TV-WY,19.99,3,2026-08-29 09:33,"9D Surround Sound LED PC Speakers Gaming Bass USB Wired for "
Ebay-134871433656-159,257.68,1,2026-05-02 06:43,"3 in 1 Pram Newborn Baby Buggy Set Travel System with Car Se"
Ebay-167963050004-12,18.98,1,2026-02-16 14:57,"Portable Mini Exercise Pedal Bike, Foldable Arm and Leg Exer"
Ebay-168312865981-20,62.90,1,2026-06-11 11:45,"HOKIN Plaque Remover Dental Care Kit Teeth Cleaning Tool Den"
Ebay-174260362873-15,24.99,1,2026-02-16 15:08,"Holdfiturn Bamboo Laptop Bed Table Portable Laptop Stand Fol"
Ebay-176334478329-7,15.65,1,2026-02-20 12:09,"Adjustable Foot Brace Plantar Fasciitis Night Splint Foot Dr"
Ebay-188273349346-4,17.99,1,2026-05-12 14:28,"Foldable Waterproof Travel Backpack Lightweight Rucksack Hik"
Ebay-188284255364-6,19.99,1,2026-05-12 14:28,"10m Retractable Clothes Reel Double Washing Line Wall Mounte"
Ebay-188357859223-10,24.99,3,2026-05-12 14:28,"High Pressure Air Drain Blaster Toilet Plunger Sink Kitchen "
Ebay-197670824016-47,78.50,1,2026-02-17 15:28,"Power Vibration Plate Vibrating Machine Platform Exercise Bo"
Ebay-224441427377-4,13.99,1,2026-02-16 15:47,"Adjustable Skipping Rope Gym Fitness Boxing Speed Exercise J"
Ebay-236637339414-3,11.99,1,2026-05-12 14:28,"Portable Lymphatic Contour Face Brush-New Lymphatic Drainage"
Ebay-236644072230-3,14.99,2,2026-05-12 14:28,"5X Card Stand Easel Stand Coin Display Holder Rack Shelf For"
Ebay-236856702824-27,53.99,1,2026-03-09 10:08,"10000mAh Wind Up Solar Radio Hand Crank Emergency FM/AM USB "
Ebay-252575681393-8,21.99,1,2026-02-17 15:18,"(30KG) 30 40 50 60kg Arm Power Twister Stretch Spring Bendy "
Ebay-287283395416-20,99.99,1,2026-06-11 11:05,"DOSS Bluetooth Speaker, SoundBox Pro+ Wireless Pairing Speak"
Ebay-295989005004-48,89.01,1,2026-06-06 11:09,"The Slush Bar Cocktail Slushie Shaved Icer Iced Cocktail Mak"
Ebay-306846006408-17,39.99,1,2026-04-11 10:27,"3000W Portable Bluetooth Speaker Sub woofer Heavy Bass Sound"
Ebay-306979674577-30,49.99,1,2026-02-14 14:33,"Electric Juicer Machine Juice Fruit Squeezer Slow Masticatin"
Ebay-306991516690-33,85.99,1,2026-03-10 10:10,"Instant Hot Water Dispenser with Adjustable Temperature, 150"
Ebay-316772035407-7,17.99,1,2026-06-11 07:26,"Bluetooth FM Transmitter Car Kit MP3 Player USB Charger Hand"
Ebay-317334317649-15,29.94,3,2026-03-09 11:19,"Cordless Pressure Washer, 21V 1500W Portable Pressure Washer"
Ebay-317637927121-17.99,24.80,5,2026-07-25 09:49,"(Super King) Extra Thick Mattress Topper 10cm/4 Inch Bounce "
Ebay-317808518499-120,289.99,1,2026-07-25 10:48,"5.1 Soundbar with Dolby Atmos, 410W Surround Sound System fo"
Ebay-335831327894-32,68.89,1,2026-06-10 13:26,"21V Cordless Weed Wacker 3in1 Rechargeable Weed Wacker Elect"
Ebay-33646509***-15,31.00,1,2026-03-09 09:33,"INIU 5m/16ft USB 3.0 to USB-C Link Cable with Separate 18W C"
Ebay-336654472998-12,24.00,1,2026-03-25 09:29,"WATERDROP Water Filter Cartridges All-In-1 Replacement for B"
Ebay-357345941895-23,47.99,1,2026-07-14 14:10,"JOVS Weed Killer 5L Fast Acting, Kills Weeds & moss, Paths P"
Ebay-358233678288-112,199.99,1,2026-07-11 13:28,"FOHERE Air Fryer Oven 23L Mini Oven, Multi-function Countert"
Ebay-358403598935-4,18.71,1,2026-02-12 11:09,"Heavy Duty Stainless Steel Tin Can Opener Cutter Easy Comfy "
Ebay-358486932170-6,11.97,1,2026-06-11 11:09,"G69 G Shape Smart Bluetooth Speaker Support Wireless Charger"
Ebay-366279783206-7,19.99,5,2026-05-12 14:28,"5-Slot Watch Box Organiser Hard Shell Watch Case for Watch S"
Ebay-366445672699-18,39.99,1,2026-06-13 10:18,"8K 4K HD TV Box Android 16.0 Quad Core 8GB RAM 128GB ROM Med"
Ebay-376576866448-24,47.99,1,2026-04-23 07:01,"3L Air Fryer Kitchen Oven Oil Free Low Fat Healthy Frying Ch"
Ebay-377008145655-8,19.01,2,2026-06-13 08:23,"NJSJ Computer Speakers for Desktop, USB-Powered Stereo 2.0 P"
Ebay-377194992865-12,49.99,1,2026-04-30 13:27,"13PCS Induction Pan Set Saucepan Set Cookware Pot Non Stick "
Ebay-377247132602-10,25.01,1,2026-07-25 07:29,"Bluetooth 5.0 Wireless TV Soundbar Speaker 3D Sound Bar Home"
Ebay-388797710204-44,65.99,1,2026-02-14 14:26,"65ft 20m retractable auto rewind air line hose reel compress"
Ebay-395894563109-16,27.99,1,2026-02-17 14:21,"Dog Plaque And Tartar Remover, Ultrasonic Teeth Cleaner for "
Ebay-397825513744-3,14.99,1,2026-05-12 14:28,"50mm 8x Magnifying Glass Handheld Aid Big Large Jewelry Read"
Ebay-397961657822-10,24.98,1,2026-04-28 12:19,"UK Gaming Keyboard And Mouse Set RGB LED USB For PC Laptop X"
Ebay-398206323860-73,144.99,1,2026-07-23 12:14,"23L Large Pressure Canner Cooker Kitchen Cookware with Gauge"
Ebay-406772746473-25,42.01,1,2026-07-25 09:43,"Square Outdoor Black Fire Pit Steel BBQ Patio Garden Camping"
Ebay-406877426599-7,16.99,1,2026-03-09 09:09,"Portable 9000000MAH Solar Power Bank Pack USB LED Pack Batte"
Ebay-406889785583-41,81.99,1,2026-03-09 11:23,"Cordless Stick Vacuum Cleaner 6000W 40Kpa Pet Hair Carpet Ha"
Ebay-800267052925-7,19.98,1,2026-03-25 09:05,"100% Blackout Sleep Masks for Women & Men - Zero Eye Pressur"
Joybuy-129,229.99,1,2026-08-06 07:42,"Toshiba Smart HD Ready TV 32WV2463DB 32" DLED Freeview Black"
PBKTBWG,30.99,1,2026-06-13 06:07,"Fantasy Eau de Parfum 50ml Fruity Feminine Scent Luxury Frag"
amz-B077SBVRH5-45,68.72,1,2026-05-30 10:22,"Masha Official Electric Potato Masher Hand Blender 3-in-1 Mu"
djbr-B0DHD48QC3-89,139.99,1,2026-07-25 13:27,"Russell Hobbs Digital Microwave 20L 800W in Cream with 5 Pow"
eBAY-127676612363-7.99,17.01,1,2026-07-16 10:55,"D1speaker X2 USB PC Desktop Speakers with Subwoofer, 2.0 Cha"
ebay-355372994070-12,34.01,1,2026-06-11 07:37,"Bluetooth 5.4 FM Transmitter Car Adapter 48W (PD 36W & 12W) "
eby-137222443218-34,69.99,1,2026-05-04 07:33,"24V Electric Cordless Grass Trimmer Strimmer Garden Edger Cu"
eby-145611736594-120,239.99,1,2026-04-13 09:06,"Lawnmower Cordless RocwooD 20V 2 x Batteries & 1 x Charger G"
eby-187491445761-55,99.99,1,2026-04-11 15:55,"13500Pa Portable Spot Carpet Upholstery Cleaner Handheld Sof"
eby-317641125075-69.99,105.99,1,2026-04-11 10:19,"4000W Portable Bluetooth Speaker Sub woofer Heavy Bass Sound"
